id,province_id,country_id,sort_order,name,blurb,is_capital,enabled,date_created,created_by,date_modified,modified_by,note
1,250,102,999,Abano Terme,,0,1,2021-08-03 14:40:07,4,2021-08-03 14:40:07,4,
2,51,219,999,Abilene,,0,1,2021-08-03 14:40:07,4,2021-08-03 14:40:07,4,
3,216,102,999,Acquaformosa,,0,1,2021-08-03 14:40:07,4,2021-08-03 14:40:07,4,
4,216,102,999,Acri,,0,1,2021-08-03 14:40:07,4,2021-08-03 14:40:07,4,
5,51,219,999,Addison,,0,1,2021-08-03 14:40:07,4,2021-08-03 14:40:07,4,
6,201,102,999,Adria,,0,1,2021-08-03 14:40:07,4,2021-08-03 14:40:07,4,
7,181,102,999,Agrigento,,0,1,2021-08-03 14:40:07,4,2021-08-03 14:40:07,4,
8,41,219,999,Akron,,0,1,2021-08-03 14:40:07,4,2021-08-03 14:40:07,4,
9,269,102,999,Alassio,,0,1,2021-08-03 14:40:07,4,2021-08-03 14:40:07,4,
10,219,102,999,Alba,,0,1,2021-08-03 14:40:07,4,2021-08-03 14:40:07,4,
11,188,102,999,Albano,,0,1,2021-08-03 14:40:07,4,2021-08-03 14:40:07,4,
12,37,219,999,Albany,,0,1,2021-08-03 14:40:07,4,2021-08-03 14:40:07,4,
13,200,102,999,Alberobello,,0,1,2021-08-03 14:40:07,4,2021-08-03 14:40:07,4,
14,36,219,999,Albuquerque,,0,1,2021-08-03 14:40:07,4,2021-08-03 14:40:07,4,
15,182,102,999,Alessandria,,0,1,2021-08-03 14:40:07,4,2021-08-03 14:40:07,4,
16,1,219,999,Alexander City,,0,1,2021-08-03 14:40:07,4,2021-08-03 14:40:07,4,
17,55,219,999,Alexandria,,0,1,2021-08-03 14:40:07,4,2021-08-03 14:40:07,4,
18,180,102,999,Alghero,,0,1,2021-08-03 14:40:07,4,2021-08-03 14:40:07,4,
19,6,219,999,Aliso Viejo,,0,1,2021-08-03 14:40:07,4,2021-08-03 14:40:07,4,
20,51,219,999,Allen,,0,1,2021-08-03 14:40:07,4,2021-08-03 14:40:07,4,
21,45,219,999,Allentown,,0,1,2021-08-03 14:40:07,4,2021-08-03 14:40:07,4,
22,51,219,999,Alleyton,,0,1,2021-08-03 14:40:07,4,2021-08-03 14:40:07,4,
23,13,219,999,Alpharetta,,0,1,2021-08-03 14:40:07,4,2021-08-03 14:40:07,4,
24,216,102,999,Altomonte,,0,1,2021-08-03 14:40:07,4,2021-08-03 14:40:07,4,
25,51,219,999,Alvin,,0,1,2021-08-03 14:40:07,4,2021-08-03 14:40:07,4,
26,267,102,999,Amalfi,,0,1,2021-08-03 14:40:07,4,2021-08-03 14:40:07,4,
27,51,219,999,Amarillo,,0,1,2021-08-03 14:40:07,4,2021-08-03 14:40:07,4,
28,245,102,999,Anacapri,,0,1,2021-08-03 14:40:07,4,2021-08-03 14:40:07,4,
29,6,219,999,Anaheim,,0,1,2021-08-03 14:40:07,4,2021-08-03 14:40:07,4,
30,2,219,999,Anchorage,,0,1,2021-08-03 14:40:07,4,2021-08-03 14:40:07,4,
31,183,102,999,Ancona,,0,1,2021-08-03 14:40:07,4,2021-08-03 14:40:07,4,
32,26,219,999,Andover,,0,1,2021-08-03 14:40:07,4,2021-08-03 14:40:07,4,
33,27,219,999,Ann Arbor,,0,1,2021-08-03 14:40:07,4,2021-08-03 14:40:07,4,
34,25,219,999,Annapolis,,0,1,2021-08-03 14:40:07,4,2021-08-03 14:40:07,4,
35,188,102,999,Anzio,,0,1,2021-08-03 14:40:07,4,2021-08-03 14:40:07,4,
36,184,102,999,Aosta,,0,1,2021-08-03 14:40:07,4,2021-08-03 14:40:07,4,
37,12,219,999,Apopka,,0,1,2021-08-03 14:40:07,4,2021-08-03 14:40:07,4,
38,58,219,999,Appleton,,0,1,2021-08-03 14:40:07,4,2021-08-03 14:40:07,4,
39,185,102,999,Arezzo,,0,1,2021-08-03 14:40:07,4,2021-08-03 14:40:07,4,
40,55,219,999,Arlington,,0,1,2021-08-03 14:40:07,4,2021-08-03 14:40:07,4,
41,17,219,999,Arlington Heights,,0,1,2021-08-03 14:40:07,4,2021-08-03 14:40:07,4,
42,7,219,999,Arvada,,0,1,2021-08-03 14:40:07,4,2021-08-03 14:40:07,4,
43,35,219,999,Asbury,,0,1,2021-08-03 14:40:07,4,2021-08-03 14:40:07,4,
44,270,102,999,Asciano-Loc. Casabianca,,0,1,2021-08-03 14:40:07,4,2021-08-03 14:40:07,4,
45,186,102,999,Ascoli Piceno,,0,1,2021-08-03 14:40:07,4,2021-08-03 14:40:07,4,
46,55,219,999,Ashburn,,0,1,2021-08-03 14:40:07,4,2021-08-03 14:40:07,4,
47,38,219,999,Asheville,,0,1,2021-08-03 14:40:07,4,2021-08-03 14:40:07,4,
48,278,102,999,Asolo,,0,1,2021-08-03 14:40:07,4,2021-08-03 14:40:07,4,
49,253,102,999,Assisi,,0,1,2021-08-03 14:40:07,4,2021-08-03 14:40:07,4,
50,197,102,999,Asti,,0,1,2021-08-03 14:40:07,4,2021-08-03 14:40:07,4,
52,13,219,999,Atlanta,,0,1,2021-08-03 14:40:07,4,2021-08-03 14:40:07,4,
53,273,102,999,Atri,,0,1,2021-08-03 14:40:07,4,2021-08-03 14:40:07,4,
54,37,219,999,Auburn,,0,1,2021-08-03 14:40:07,4,2021-08-03 14:40:07,4,
56,17,219,999,Aurora,,0,1,2021-08-03 14:40:07,4,2021-08-03 14:40:07,4,
57,51,219,999,Austin,,0,1,2021-08-03 14:40:07,4,2021-08-03 14:40:07,4,
58,199,102,999,Avellino,,0,1,2021-08-03 14:40:07,4,2021-08-03 14:40:07,4,
59,18,219,999,Avon,,0,1,2021-08-03 14:40:07,4,2021-08-03 14:40:07,4,
60,4,219,999,Avondale,,0,1,2021-08-03 14:40:07,4,2021-08-03 14:40:07,4,
61,270,102,999,Bagno Vignone San Quirico D'orcia,,0,1,2021-08-03 14:40:07,4,2021-08-03 14:40:07,4,
62,6,219,999,Bakersfield,,0,1,2021-08-03 14:40:07,4,2021-08-03 14:40:07,4,
63,51,219,999,Balch Springs,,0,1,2021-08-03 14:40:07,4,2021-08-03 14:40:07,4,
64,25,219,999,Baltimore,,0,1,2021-08-03 14:40:07,4,2021-08-03 14:40:07,4,
65,189,102,999,Barberino Val D'elsa,,0,1,2021-08-03 14:40:07,4,2021-08-03 14:40:07,4,
66,296,194,999,Barcelona,,0,1,2021-08-03 14:40:07,4,2021-08-03 14:40:07,4,
67,194,102,999,Bardonecchia,,0,1,2021-08-03 14:40:07,4,2021-08-03 14:40:07,4,
68,200,102,999,Bari,,0,1,2021-08-03 14:40:07,4,2021-08-03 14:40:07,4,
69,201,102,999,Barletta,,0,1,2021-08-03 14:40:07,4,2021-08-03 14:40:07,4,
70,47,219,999,Barrington,,0,1,2021-08-03 14:40:07,4,2021-08-03 14:40:07,4,
71,286,102,999,Bassano Del Grappa,,0,1,2021-08-03 14:40:07,4,2021-08-03 14:40:07,4,
72,22,219,999,Baton Rouge,,0,1,2021-08-03 14:40:07,4,2021-08-03 14:40:07,4,
73,282,102,999,Baveno,,0,1,2021-08-03 14:40:07,4,2021-08-03 14:40:07,4,
74,51,219,999,Baytown,,0,1,2021-08-03 14:40:07,4,2021-08-03 14:40:07,4,
75,51,219,999,Beaumont,,0,1,2021-08-03 14:40:07,4,2021-08-03 14:40:07,4,
76,51,219,999,Bedford,,0,1,2021-08-03 14:40:07,4,2021-08-03 14:40:07,4,
78,191,102,999,Bellagio,,0,1,2021-08-03 14:40:07,4,2021-08-03 14:40:07,4,
79,51,219,999,Bellaire,,0,1,2021-08-03 14:40:07,4,2021-08-03 14:40:07,4,
80,288,102,999,Bellaria-igea Marina,,0,1,2021-08-03 14:40:07,4,2021-08-03 14:40:07,4,
81,17,219,999,Belleville,,0,1,2021-08-03 14:40:07,4,2021-08-03 14:40:07,4,
82,56,219,999,Bellevue,,0,1,2021-08-03 14:40:07,4,2021-08-03 14:40:07,4,
83,202,102,999,Belluno,,0,1,2021-08-03 14:40:07,4,2021-08-03 14:40:07,4,
84,25,219,999,Beltsville,,0,1,2021-08-03 14:40:07,4,2021-08-03 14:40:07,4,
85,203,102,999,Benevento,,0,1,2021-08-03 14:40:07,4,2021-08-03 14:40:07,4,
86,45,219,999,Bensalem,,0,1,2021-08-03 14:40:07,4,2021-08-03 14:40:07,4,
87,193,102,999,Bentivoglio,,0,1,2021-08-03 14:40:07,4,2021-08-03 14:40:07,4,
88,198,102,999,Bergamo,,0,1,2021-08-03 14:40:07,4,2021-08-03 14:40:07,4,
89,6,219,999,Berkeley,,0,1,2021-08-03 14:40:07,4,2021-08-03 14:40:07,4,
90,26,219,999,Berkley,,0,1,2021-08-03 14:40:07,4,2021-08-03 14:40:07,4,
91,201,102,999,Berletta,,0,1,2021-08-03 14:40:07,4,2021-08-03 14:40:07,4,
93,45,219,999,Beryn,,0,1,2021-08-03 14:40:07,4,2021-08-03 14:40:07,4,
94,25,219,999,Bethesda,,0,1,2021-08-03 14:40:07,4,2021-08-03 14:40:07,4,
95,45,219,999,Bethlehem,,0,1,2021-08-03 14:40:07,4,2021-08-03 14:40:07,4,
96,253,102,999,Bettona,,0,1,2021-08-03 14:40:07,4,2021-08-03 14:40:07,4,
97,6,219,999,Beverly Hills,,0,1,2021-08-03 14:40:07,4,2021-08-03 14:40:07,4,
98,204,102,999,Biella,,0,1,2021-08-03 14:40:07,4,2021-08-03 14:40:07,4,
99,26,219,999,Billerica,,0,1,2021-08-03 14:40:07,4,2021-08-03 14:40:07,4,
100,31,219,999,Billings,,0,1,2021-08-03 14:40:07,4,2021-08-03 14:40:07,4,
101,27,219,999,Birch Run,,0,1,2021-08-03 14:40:07,4,2021-08-03 14:40:07,4,
102,1,219,999,Birmingham,,0,1,2021-08-03 14:40:07,4,2021-08-03 14:40:07,4,
103,191,102,999,Blevio,,0,1,2021-08-03 14:40:07,4,2021-08-03 14:40:07,4,
104,18,219,999,Bloomington ,,0,1,2021-08-03 14:40:07,4,2021-08-03 14:40:07,4,
105,41,219,999,Bluffton,,0,1,2021-08-03 14:40:07,4,2021-08-03 14:40:07,4,
106,12,219,999,Boca Raton,,0,1,2021-08-03 14:40:07,4,2021-08-03 14:40:07,4,
107,16,219,999,Boise,,0,1,2021-08-03 14:40:07,4,2021-08-03 14:40:07,4,
108,38,219,999,Bolivia,,0,1,2021-08-03 14:40:07,4,2021-08-03 14:40:07,4,
109,193,102,999,Bologna,,0,1,2021-08-03 14:40:07,4,2021-08-03 14:40:07,4,
110,287,102,999,Bolsena,,0,1,2021-08-03 14:40:07,4,2021-08-03 14:40:07,4,
111,205,102,999,Bolzano,,0,1,2021-08-03 14:40:07,4,2021-08-03 14:40:07,4,
112,287,102,999,Bomarzo,,0,1,2021-08-03 14:40:07,4,2021-08-03 14:40:07,4,
114,251,102,999,Borgo Val Di Taro,,0,1,2021-08-03 14:40:07,4,2021-08-03 14:40:07,4,
115,192,102,999,Bormio,,0,1,2021-08-03 14:40:07,4,2021-08-03 14:40:07,4,
116,26,219,999,Boston,,0,1,2021-08-03 14:40:07,4,2021-08-03 14:40:07,4,
117,7,219,999,Boulder,,0,1,2021-08-03 14:40:07,4,2021-08-03 14:40:07,4,
118,52,219,999,Bountiful,,0,1,2021-08-03 14:40:07,4,2021-08-03 14:40:07,4,
119,21,219,999,Bowling Green,,0,1,2021-08-03 14:40:07,4,2021-08-03 14:40:07,4,
120,12,219,999,Boyton Beach,,0,1,2021-08-03 14:40:07,4,2021-08-03 14:40:07,4,
121,301,36,999,Brampton,,0,1,2021-08-03 14:40:07,4,2021-08-03 14:40:07,4,
122,51,219,999,Brenham,,0,1,2021-08-03 14:40:07,4,2021-08-03 14:40:07,4,
123,206,102,999,Brescia,,0,1,2021-08-03 14:40:07,4,2021-08-03 14:40:07,4,
124,205,102,999,Bressanone,,0,1,2021-08-03 14:40:07,4,2021-08-03 14:40:07,4,
125,184,102,999,Breuil-cervinia,,0,1,2021-08-03 14:40:07,4,2021-08-03 14:40:07,4,
126,37,219,999,Briarwood,,0,1,2021-08-03 14:40:07,4,2021-08-03 14:40:07,4,
127,8,219,999,Bridgeport,,0,1,2021-08-03 14:40:07,4,2021-08-03 14:40:07,4,
128,35,219,999,Bridgewater,,0,1,2021-08-03 14:40:07,4,2021-08-03 14:40:07,4,
129,207,102,999,Brindisi,,0,1,2021-08-03 14:40:07,4,2021-08-03 14:40:07,4,
130,37,219,999,Brooklyn,,0,1,2021-08-03 14:40:07,4,2021-08-03 14:40:07,4,
131,51,219,999,Brownsville,,0,1,2021-08-03 14:40:07,4,2021-08-03 14:40:07,4,
132,41,219,999,Brunswick,,0,1,2021-08-03 14:40:07,4,2021-08-03 14:40:07,4,
135,37,219,999,Buffalo,,0,1,2021-08-03 14:40:07,4,2021-08-03 14:40:07,4,
136,13,219,999,Buford,,0,1,2021-08-03 14:40:07,4,2021-08-03 14:40:07,4,
137,270,102,999,Buonconvento,,0,1,2021-08-03 14:40:07,4,2021-08-03 14:40:07,4,
138,6,219,999,Burbank,,0,1,2021-08-03 14:40:07,4,2021-08-03 14:40:07,4,
139,55,219,999,Burke,,0,1,2021-08-03 14:40:07,4,2021-08-03 14:40:07,4,
140,53,219,999,Burlington,,0,1,2021-08-03 14:40:07,4,2021-08-03 14:40:07,4,
141,17,219,999,Burr Ridge,,0,1,2021-08-03 14:40:07,4,2021-08-03 14:40:07,4,
142,284,102,999,Bussolengo,,0,1,2021-08-03 14:40:07,4,2021-08-03 14:40:07,4,
143,191,102,999,Cadenabbia Di Griante,,0,1,2021-08-03 14:40:07,4,2021-08-03 14:40:07,4,
144,208,102,999,Cagliari,,0,1,2021-08-03 14:40:07,4,2021-08-03 14:40:07,4,
146,35,219,999,Caldwell,,0,1,2021-08-03 14:40:07,4,2021-08-03 14:40:07,4,
147,312,36,999,Calgary,,0,1,2021-08-03 14:40:07,4,2021-08-03 14:40:07,4,
148,235,102,999,Calolziocorte,,0,1,2021-08-03 14:40:07,4,2021-08-03 14:40:07,4,
149,213,102,999,Caltagirone,,0,1,2021-08-03 14:40:07,4,2021-08-03 14:40:07,4,
150,209,102,999,Caltanisetta,,0,1,2021-08-03 14:40:07,4,2021-08-03 14:40:07,4,
151,26,219,999,Cambridge,,0,1,2021-08-03 14:40:07,4,2021-08-03 14:40:07,4,
152,226,102,999,Camogli,,0,1,2021-08-03 14:40:07,4,2021-08-03 14:40:07,4,
153,210,102,999,Campobasso,,0,1,2021-08-03 14:40:07,4,2021-08-03 14:40:07,4,
154,243,102,999,Campogalliano,,0,1,2021-08-03 14:40:07,4,2021-08-03 14:40:07,4,
155,37,219,999,Canaan,,0,1,2021-08-03 14:40:07,4,2021-08-03 14:40:07,4,
156,205,102,999,Canazei,,0,1,2021-08-03 14:40:07,4,2021-08-03 14:40:07,4,
158,12,219,999,Cape Coral,,0,1,2021-08-03 14:40:07,4,2021-08-03 14:40:07,4,
159,245,102,999,Capri,,0,1,2021-08-03 14:40:07,4,2021-08-03 14:40:07,4,
160,211,102,999,Carbonia,,0,1,2021-08-03 14:40:07,4,2021-08-03 14:40:07,4,
161,281,102,999,Cardano Al Campo,,0,1,2021-08-03 14:40:07,4,2021-08-03 14:40:07,4,
162,4,219,999,Carefree ,,0,1,2021-08-03 14:40:07,4,2021-08-03 14:40:07,4,
163,191,102,999,Carimate,,0,1,2021-08-03 14:40:07,4,2021-08-03 14:40:07,4,
164,19,219,999,Carroll,,0,1,2021-08-03 14:40:07,4,2021-08-03 14:40:07,4,
165,51,219,999,Carrollton,,0,1,2021-08-03 14:40:07,4,2021-08-03 14:40:07,4,
166,51,219,999,Carrolton,,0,1,2021-08-03 14:40:07,4,2021-08-03 14:40:07,4,
167,38,219,999,Cary,,0,1,2021-08-03 14:40:07,4,2021-08-03 14:40:07,4,
168,276,102,999,Casa Santa-Erice Mare,,0,1,2021-08-03 14:40:07,4,2021-08-03 14:40:07,4,
169,212,102,999,Caserta,,0,1,2021-08-03 14:40:07,4,2021-08-03 14:40:07,4,
170,207,102,999,Casole D'elsa,,0,1,2021-08-03 14:40:07,4,2021-08-03 14:40:07,4,
171,59,219,999,Casper,,0,1,2021-08-03 14:40:07,4,2021-08-03 14:40:07,4,
172,225,102,999,Cassino,,0,1,2021-08-03 14:40:07,4,2021-08-03 14:40:07,4,
173,245,102,999,Castellamare Di Stabia,,0,1,2021-08-03 14:40:07,4,2021-08-03 14:40:07,4,
174,245,102,999,Castellammare Di Stabia,,0,1,2021-08-03 14:40:07,4,2021-08-03 14:40:07,4,
175,200,102,999,Castellana Grotte,,0,1,2021-08-03 14:40:07,4,2021-08-03 14:40:07,4,
176,270,102,999,Castellina In Chianti,,0,1,2021-08-03 14:40:07,4,2021-08-03 14:40:07,4,
177,270,102,999,Castelnuovo Berardenga,,0,1,2021-08-03 14:40:07,4,2021-08-03 14:40:07,4,
178,193,102,999,Castenaso ,,0,1,2021-08-03 14:40:07,4,2021-08-03 14:40:07,4,
179,270,102,999,Castiglion Del Bosco,,0,1,2021-08-03 14:40:07,4,2021-08-03 14:40:07,4,
180,228,102,999,Castiglion Della Pescaia,,0,1,2021-08-03 14:40:07,4,2021-08-03 14:40:07,4,
181,185,102,999,Castiglion Fiorentino,,0,1,2021-08-03 14:40:07,4,2021-08-03 14:40:07,4,
182,216,102,999,Castrovillari,,0,1,2021-08-03 14:40:07,4,2021-08-03 14:40:07,4,
183,213,102,999,Catania,,0,1,2021-08-03 14:40:07,4,2021-08-03 14:40:07,4,
184,214,102,999,Catanzaro,,0,1,2021-08-03 14:40:07,4,2021-08-03 14:40:07,4,
185,26,219,999,Catonsville,,0,1,2021-08-03 14:40:07,4,2021-08-03 14:40:07,4,
186,51,219,999,Cedar Park,,0,1,2021-08-03 14:40:07,4,2021-08-03 14:40:07,4,
187,19,219,999,Cedar Rapids,,0,1,2021-08-03 14:40:07,4,2021-08-03 14:40:07,4,
188,196,102,999,Cefalu',,0,1,2021-08-03 14:40:07,4,2021-08-03 14:40:07,4,
189,51,219,999,Centerville,,0,1,2021-08-03 14:40:07,4,2021-08-03 14:40:07,4,
190,203,102,999,Ceppaloni,,0,1,2021-08-03 14:40:07,4,2021-08-03 14:40:07,4,
191,194,102,999,Cercenasco,,0,1,2021-08-03 14:40:07,4,2021-08-03 14:40:07,4,
192,191,102,999,Cernobbio,,0,1,2021-08-03 14:40:07,4,2021-08-03 14:40:07,4,
193,230,102,999,Cerro Al Volturno,,0,1,2021-08-03 14:40:07,4,2021-08-03 14:40:07,4,
194,189,102,999,Certaldo,,0,1,2021-08-03 14:40:07,4,2021-08-03 14:40:07,4,
195,224,102,999,Cesena,,0,1,2021-08-03 14:40:07,4,2021-08-03 14:40:07,4,
196,4,219,999,Chandler,,0,1,2021-08-03 14:40:07,4,2021-08-03 14:40:07,4,
197,57,219,999,Charleston,,0,1,2021-08-03 14:40:07,4,2021-08-03 14:40:07,4,
198,53,219,999,Charlotte,,0,1,2021-08-03 14:40:07,4,2021-08-03 14:40:07,4,
199,50,219,999,Chattanooga,,0,1,2021-08-03 14:40:07,4,2021-08-03 14:40:07,4,
200,219,102,999,Cherasco,,0,1,2021-08-03 14:40:07,4,2021-08-03 14:40:07,4,
201,35,219,999,Cherry Hill,,0,1,2021-08-03 14:40:07,4,2021-08-03 14:40:07,4,
202,55,219,999,Chesapeake,,0,1,2021-08-03 14:40:07,4,2021-08-03 14:40:07,4,
203,270,102,999,Chianciano Terme,,0,1,2021-08-03 14:40:07,4,2021-08-03 14:40:07,4,
204,226,102,999,Chiavari,,0,1,2021-08-03 14:40:07,4,2021-08-03 14:40:07,4,
205,192,102,999,Chiavenna,,0,1,2021-08-03 14:40:07,4,2021-08-03 14:40:07,4,
206,17,219,999,Chicago,,0,1,2021-08-03 14:40:07,4,2021-08-03 14:40:07,4,
207,215,102,999,Chieti,,0,1,2021-08-03 14:40:07,4,2021-08-03 14:40:07,4,
208,270,102,999,Chiusdino,,0,1,2021-08-03 14:40:07,4,2021-08-03 14:40:07,4,
209,270,102,999,Chiusi,,0,1,2021-08-03 14:40:07,4,2021-08-03 14:40:07,4,
210,6,219,999,Chula Vista,,0,1,2021-08-03 14:40:07,4,2021-08-03 14:40:07,4,
211,41,219,999,Cincinnati,,0,1,2021-08-03 14:40:07,4,2021-08-03 14:40:07,4,
212,231,102,999,Cinque Terre,,0,1,2021-08-03 14:40:07,4,2021-08-03 14:40:07,4,
213,207,102,999,Cisternino,,0,1,2021-08-03 14:40:07,4,2021-08-03 14:40:07,4,
214,253,102,999,Citta' Di Castello,,0,1,2021-08-03 14:40:07,4,2021-08-03 14:40:07,4,
215,319,134,999,Ciudad De Mexico,,0,1,2021-08-03 14:40:07,4,2021-08-03 14:40:07,4,
216,287,102,999,Civita Di Bagnoregio,,0,1,2021-08-03 14:40:07,4,2021-08-03 14:40:07,4,
217,239,102,999,Civitanova Marche,,0,1,2021-08-03 14:40:07,4,2021-08-03 14:40:07,4,
218,188,102,999,Civitavecchia,,0,1,2021-08-03 14:40:07,4,2021-08-03 14:40:07,4,
219,50,219,999,Clarksville,,0,1,2021-08-03 14:40:07,4,2021-08-03 14:40:07,4,
220,12,219,999,Clearwater,,0,1,2021-08-03 14:40:07,4,2021-08-03 14:40:07,4,
221,50,219,999,Cleveland,,0,1,2021-08-03 14:40:07,4,2021-08-03 14:40:07,4,
222,277,102,999,Cogolo Di Pejo-Val Di Sole,,0,1,2021-08-03 14:40:07,4,2021-08-03 14:40:07,4,
223,235,102,999,Colico,,0,1,2021-08-03 14:40:07,4,2021-08-03 14:40:07,4,
224,270,102,999,Colle Val D'elsa,,0,1,2021-08-03 14:40:07,4,2021-08-03 14:40:07,4,
225,188,102,999,Colonna,,0,1,2021-08-03 14:40:07,4,2021-08-03 14:40:07,4,
226,7,219,999,Colorado Springs,,0,1,2021-08-03 14:40:07,4,2021-08-03 14:40:07,4,
227,41,219,999,Columbus,,0,1,2021-08-03 14:40:07,4,2021-08-03 14:40:07,4,
228,191,102,999,Como,,0,1,2021-08-03 14:40:07,4,2021-08-03 14:40:07,4,
229,267,102,999,Conca Dei Marini,,0,1,2021-08-03 14:40:07,4,2021-08-03 14:40:07,4,
230,6,219,999,Concord,,0,1,2021-08-03 14:40:07,4,2021-08-03 14:40:07,4,
231,51,219,999,Conroe,,0,1,2021-08-03 14:40:07,4,2021-08-03 14:40:07,4,
232,330,14,999,Copenhagen,,0,1,2021-08-03 14:40:07,4,2021-08-03 14:40:07,4,
233,51,219,999,Coppell,,0,1,2021-08-03 14:40:07,4,2021-08-03 14:40:07,4,
234,12,219,999,Coral Springs,,0,1,2021-08-03 14:40:07,4,2021-08-03 14:40:07,4,
235,284,102,999,Cordevigo,,0,1,2021-08-03 14:40:07,4,2021-08-03 14:40:07,4,
236,233,102,999,Cori,,0,1,2021-08-03 14:40:07,4,2021-08-03 14:40:07,4,
237,231,102,999,Corniglia Fraz. Di Vernazza,,0,1,2021-08-03 14:40:07,4,2021-08-03 14:40:07,4,
238,6,219,999,Corona,,0,1,2021-08-03 14:40:07,4,2021-08-03 14:40:07,4,
239,51,219,999,Corpus Christi,,0,1,2021-08-03 14:40:07,4,2021-08-03 14:40:07,4,
240,202,102,999,Cortina D'ampezzo,,0,1,2021-08-03 14:40:07,4,2021-08-03 14:40:07,4,
241,185,102,999,Cortona,,0,1,2021-08-03 14:40:07,4,2021-08-03 14:40:07,4,
242,205,102,999,Corvara,,0,1,2021-08-03 14:40:07,4,2021-08-03 14:40:07,4,
243,216,102,999,Cosenza,,0,1,2021-08-03 14:40:07,4,2021-08-03 14:40:07,4,
244,6,219,999,Costa Mesa,,0,1,2021-08-03 14:40:07,4,2021-08-03 14:40:07,4,
245,248,102,999,Arzachena,,0,1,2021-08-03 14:40:07,4,2021-08-03 14:40:07,4,
246,197,102,999,Costigliole D'asti,,0,1,2021-08-03 14:40:07,4,2021-08-03 14:40:07,4,
247,184,102,999,Courmayeur,,0,1,2021-08-03 14:40:07,4,2021-08-03 14:40:07,4,
248,47,219,999,Cranston,,0,1,2021-08-03 14:40:07,4,2021-08-03 14:40:07,4,
249,217,102,999,Cremona,,0,1,2021-08-03 14:40:07,4,2021-08-03 14:40:07,4,
251,218,102,999,Crotone,,0,1,2021-08-03 14:40:07,4,2021-08-03 14:40:07,4,
252,6,219,999,Culver City,,0,1,2021-08-03 14:40:07,4,2021-08-03 14:40:07,4,
253,219,102,999,Cuneo,,0,1,2021-08-03 14:40:07,4,2021-08-03 14:40:07,4,
254,282,102,999,Cusio,,0,1,2021-08-03 14:40:07,4,2021-08-03 14:40:07,4,
255,41,219,999,Cuyahoga Falls,,0,1,2021-08-03 14:40:07,4,2021-08-03 14:40:07,4,
256,51,219,999,Cypress,,0,1,2021-08-03 14:40:07,4,2021-08-03 14:40:07,4,
257,51,219,999,Dallas,,0,1,2021-08-03 14:40:07,4,2021-08-03 14:40:07,4,
258,6,219,999,Daly City,,0,1,2021-08-03 14:40:07,4,2021-08-03 14:40:07,4,
259,51,219,999,Dayton,,0,1,2021-08-03 14:40:07,4,2021-08-03 14:40:07,4,
260,58,219,999,De Pere,,0,1,2021-08-03 14:40:07,4,2021-08-03 14:40:07,4,
261,12,219,999,Debary,,0,1,2021-08-03 14:40:07,4,2021-08-03 14:40:07,4,
262,13,219,999,Decatur,,0,1,2021-08-03 14:40:07,4,2021-08-03 14:40:07,4,
263,12,219,999,Deerfield Beach,,0,1,2021-08-03 14:40:07,4,2021-08-03 14:40:07,4,
264,12,219,999,Delray Beach,,0,1,2021-08-03 14:40:07,4,2021-08-03 14:40:07,4,
265,51,219,999,Denton,,0,1,2021-08-03 14:40:07,4,2021-08-03 14:40:07,4,
266,7,219,999,Denver,,0,1,2021-08-03 14:40:07,4,2021-08-03 14:40:07,4,
267,253,102,999,Deruta,,0,1,2021-08-03 14:40:07,4,2021-08-03 14:40:07,4,
268,19,219,999,Des Moines,,0,1,2021-08-03 14:40:07,4,2021-08-03 14:40:07,4,
269,206,102,999,Desenzano,,0,1,2021-08-03 14:40:07,4,2021-08-03 14:40:07,4,
270,27,219,999,Detroit,,0,1,2021-08-03 14:40:07,4,2021-08-03 14:40:07,4,
271,51,219,999,Devine,,0,1,2021-08-03 14:40:07,4,2021-08-03 14:40:07,4,
272,12,219,999,Doral,,0,1,2021-08-03 14:40:07,4,2021-08-03 14:40:07,4,
273,34,219,999,Dover,,0,1,2021-08-03 14:40:07,4,2021-08-03 14:40:07,4,
274,6,219,999,Downey,,0,1,2021-08-03 14:40:07,4,2021-08-03 14:40:07,4,
276,338,14,999,Dubrovnik,,0,1,2021-08-03 14:40:07,4,2021-08-03 14:40:07,4,
277,19,219,999,Dubuque,,0,1,2021-08-03 14:40:07,4,2021-08-03 14:40:07,4,
278,13,219,999,Dunwoody,,0,1,2021-08-03 14:40:07,4,2021-08-03 14:40:07,4,
279,38,219,999,Durham,,0,1,2021-08-03 14:40:07,4,2021-08-03 14:40:07,4,
281,18,219,999,Dyer,,0,1,2021-08-03 14:40:07,4,2021-08-03 14:40:07,4,
282,28,219,999,Eagen,,0,1,2021-08-03 14:40:07,4,2021-08-03 14:40:07,4,
283,45,219,999,Eagleville,,0,1,2021-08-03 14:40:07,4,2021-08-03 14:40:07,4,
284,37,219,999,East Meadow,,0,1,2021-08-03 14:40:07,4,2021-08-03 14:40:07,4,
285,41,219,999,Eaton,,0,1,2021-08-03 14:40:07,4,2021-08-03 14:40:07,4,
286,267,102,999,Eboli,,0,1,2021-08-03 14:40:07,4,2021-08-03 14:40:07,4,
287,28,219,999,Eden Prairie,,0,1,2021-08-03 14:40:07,4,2021-08-03 14:40:07,4,
288,6,219,999,El Monte,,0,1,2021-08-03 14:40:07,4,2021-08-03 14:40:07,4,
289,51,219,999,El Paso,,0,1,2021-08-03 14:40:07,4,2021-08-03 14:40:07,4,
290,17,219,999,Elgin,,0,1,2021-08-03 14:40:07,4,2021-08-03 14:40:07,4,
291,35,219,999,Elizabeth,,0,1,2021-08-03 14:40:07,4,2021-08-03 14:40:07,4,
292,6,219,999,Elk Grove,,0,1,2021-08-03 14:40:07,4,2021-08-03 14:40:07,4,
293,58,219,999,Elkhorn,,0,1,2021-08-03 14:40:07,4,2021-08-03 14:40:07,4,
294,25,219,999,Ellicott City,,0,1,2021-08-03 14:40:07,4,2021-08-03 14:40:07,4,
295,189,102,999,Empoli,,0,1,2021-08-03 14:40:07,4,2021-08-03 14:40:07,4,
296,6,219,999,Encino,,0,1,2021-08-03 14:40:07,4,2021-08-03 14:40:07,4,
297,7,219,999,Englewood,,0,1,2021-08-03 14:40:07,4,2021-08-03 14:40:07,4,
298,220,102,999,Enna,,0,1,2021-08-03 14:40:07,4,2021-08-03 14:40:07,4,
299,245,102,999,Ercolano,,0,1,2021-08-03 14:40:07,4,2021-08-03 14:40:07,4,
300,276,102,999,Erice,,0,1,2021-08-03 14:40:07,4,2021-08-03 14:40:07,4,
301,45,219,999,Erie,,0,1,2021-08-03 14:40:07,4,2021-08-03 14:40:07,4,
302,6,219,999,Escondido,,0,1,2021-08-03 14:40:07,4,2021-08-03 14:40:07,4,
303,12,219,999,Estero,,0,1,2021-08-03 14:40:07,4,2021-08-03 14:40:07,4,
304,43,219,999,Eugene,,0,1,2021-08-03 14:40:07,4,2021-08-03 14:40:07,4,
305,12,219,999,Eustis,,0,1,2021-08-03 14:40:07,4,2021-08-03 14:40:07,4,
306,18,219,999,Evansville,,0,1,2021-08-03 14:40:07,4,2021-08-03 14:40:07,4,
307,183,102,999,Fabriano,,0,1,2021-08-03 14:40:07,4,2021-08-03 14:40:07,4,
308,263,102,999,Faenza,,0,1,2021-08-03 14:40:07,4,2021-08-03 14:40:07,4,
309,55,219,999,Fairfax,,0,1,2021-08-03 14:40:07,4,2021-08-03 14:40:07,4,
310,6,219,999,Fairfield,,0,1,2021-08-03 14:40:07,4,2021-08-03 14:40:07,4,
311,254,102,999,Fano,,0,1,2021-08-03 14:40:07,4,2021-08-03 14:40:07,4,
312,39,219,999,Fargo,,0,1,2021-08-03 14:40:07,4,2021-08-03 14:40:07,4,
313,38,219,999,Fayetteville,,0,1,2021-08-03 14:40:07,4,2021-08-03 14:40:07,4,
314,27,219,999,Fenton,,0,1,2021-08-03 14:40:07,4,2021-08-03 14:40:07,4,
315,221,102,999,Fermo,,0,1,2021-08-03 14:40:07,4,2021-08-03 14:40:07,4,
316,222,102,999,Ferrara,,0,1,2021-08-03 14:40:07,4,2021-08-03 14:40:07,4,
317,189,102,999,Fiesole,,0,1,2021-08-03 14:40:07,4,2021-08-03 14:40:07,4,
318,41,219,999,Findlay,,0,1,2021-08-03 14:40:07,4,2021-08-03 14:40:07,4,
319,189,102,999,Firenze,,0,1,2021-08-03 14:40:07,4,2021-08-03 14:40:07,4,
320,188,102,999,Fiumicino,,0,1,2021-08-03 14:40:07,4,2021-08-03 14:40:07,4,
321,270,102,999,Fizzano,,0,1,2021-08-03 14:40:07,4,2021-08-03 14:40:07,4,
322,27,219,999,Flint,,0,1,2021-08-03 14:40:07,4,2021-08-03 14:40:07,4,
323,76,102,999,Florence,,0,1,2021-08-03 14:40:07,4,2021-08-03 14:40:07,4,
324,51,219,999,Flower Mound,,0,1,2021-08-03 14:40:07,4,2021-08-03 14:40:07,4,
325,223,102,999,Foggia,,0,1,2021-08-03 14:40:07,4,2021-08-03 14:40:07,4,
326,277,102,999,Folgaria,,0,1,2021-08-03 14:40:07,4,2021-08-03 14:40:07,4,
327,277,102,999,Folgarida-dimaro,,0,1,2021-08-03 14:40:07,4,2021-08-03 14:40:07,4,
328,6,219,999,Fontana,,0,1,2021-08-03 14:40:07,4,2021-08-03 14:40:07,4,
329,188,102,999,Fonte Nuova,,0,1,2021-08-03 14:40:07,4,2021-08-03 14:40:07,4,
330,224,102,999,Forlì,,0,1,2021-08-03 14:40:07,4,2021-08-03 14:40:07,4,
331,233,102,999,Formia,,0,1,2021-08-03 14:40:07,4,2021-08-03 14:40:07,4,
332,7,219,999,Fort Collins,,0,1,2021-08-03 14:40:07,4,2021-08-03 14:40:07,4,
333,12,219,999,Fort Lauderdale,,0,1,2021-08-03 14:40:07,4,2021-08-03 14:40:07,4,
334,12,219,999,Fort Myers,,0,1,2021-08-03 14:40:07,4,2021-08-03 14:40:07,4,
335,18,219,999,Fort Wayne,,0,1,2021-08-03 14:40:07,4,2021-08-03 14:40:07,4,
336,51,219,999,Fort Worth,,0,1,2021-08-03 14:40:07,4,2021-08-03 14:40:07,4,
337,238,102,999,Forte Dei Marmi,,0,1,2021-08-03 14:40:07,4,2021-08-03 14:40:07,4,
338,51,219,999,Forth Worth,,0,1,2021-08-03 14:40:07,4,2021-08-03 14:40:07,4,
339,6,219,999,Fountain Valley,,0,1,2021-08-03 14:40:07,4,2021-08-03 14:40:07,4,
340,26,219,999,Foxboro,,0,1,2021-08-03 14:40:07,4,2021-08-03 14:40:07,4,
341,215,102,999,Francavilla Al Mare,,0,1,2021-08-03 14:40:07,4,2021-08-03 14:40:07,4,
342,9,219,999,Frankford,,0,1,2021-08-03 14:40:07,4,2021-08-03 14:40:07,4,
343,27,219,999,Franklin,,0,1,2021-08-03 14:40:07,4,2021-08-03 14:40:07,4,
344,7,219,999,Franktown,,0,1,2021-08-03 14:40:07,4,2021-08-03 14:40:07,4,
345,188,102,999,Frascati,,0,1,2021-08-03 14:40:07,4,2021-08-03 14:40:07,4,
346,25,219,999,Frederick,,0,1,2021-08-03 14:40:07,4,2021-08-03 14:40:07,4,
347,6,219,999,Fremont,,0,1,2021-08-03 14:40:07,4,2021-08-03 14:40:07,4,
348,6,219,999,Fresno,,0,1,2021-08-03 14:40:07,4,2021-08-03 14:40:07,4,
349,51,219,999,Friendswood,,0,1,2021-08-03 14:40:07,4,2021-08-03 14:40:07,4,
350,51,219,999,Frisco,,0,1,2021-08-03 14:40:07,4,2021-08-03 14:40:07,4,
351,225,102,999,Frosinone,,0,1,2021-08-03 14:40:07,4,2021-08-03 14:40:07,4,
352,225,102,999,Frosinone-Ceccano,,0,1,2021-08-03 14:40:07,4,2021-08-03 14:40:07,4,
353,25,219,999,Ft Washington,,0,1,2021-08-03 14:40:07,4,2021-08-03 14:40:07,4,
354,6,219,999,Fullerton,,0,1,2021-08-03 14:40:07,4,2021-08-03 14:40:07,4,
355,37,219,999,Fulton,,0,1,2021-08-03 14:40:07,4,2021-08-03 14:40:07,4,
356,233,102,999,Gaeta,,0,1,2021-08-03 14:40:07,4,2021-08-03 14:40:07,4,
357,12,219,999,Gainesville,,0,1,2021-08-03 14:40:07,4,2021-08-03 14:40:07,4,
358,270,102,999,Gaiole In Chianti,,0,1,2021-08-03 14:40:07,4,2021-08-03 14:40:07,4,
359,50,219,999,Gallatin,,0,1,2021-08-03 14:40:07,4,2021-08-03 14:40:07,4,
360,234,102,999,Gallipoli,,0,1,2021-08-03 14:40:07,4,2021-08-03 14:40:07,4,
361,51,219,999,Galveston,,0,1,2021-08-03 14:40:07,4,2021-08-03 14:40:07,4,
362,26,219,999,Gambrills,,0,1,2021-08-03 14:40:07,4,2021-08-03 14:40:07,4,
363,6,219,999,Garden Grove,,0,1,2021-08-03 14:40:07,4,2021-08-03 14:40:07,4,
364,51,219,999,Garland,,0,1,2021-08-03 14:40:07,4,2021-08-03 14:40:07,4,
365,224,102,999,Gatteo Al Mare,,0,1,2021-08-03 14:40:07,4,2021-08-03 14:40:07,4,
366,182,102,999,Gavi,,0,1,2021-08-03 14:40:07,4,2021-08-03 14:40:07,4,
367,209,102,999,Gela,,0,1,2021-08-03 14:40:07,4,2021-08-03 14:40:07,4,
369,69,102,999,Genoa,,0,1,2021-08-03 14:40:07,4,2021-08-03 14:40:07,4,
370,226,102,999,Genova,,0,1,2021-08-03 14:40:07,4,2021-08-03 14:40:07,4,
372,51,219,999,Georgetown,,0,1,2021-08-03 14:40:07,4,2021-08-03 14:40:07,4,
373,195,102,999,Giardini Naxos,,0,1,2021-08-03 14:40:07,4,2021-08-03 14:40:07,4,
374,13,219,999,Gibson,,0,1,2021-08-03 14:40:07,4,2021-08-03 14:40:07,4,
375,4,219,999,Gilbert,,0,1,2021-08-03 14:40:07,4,2021-08-03 14:40:07,4,
376,200,102,999,Giovinazzo,,0,1,2021-08-03 14:40:07,4,2021-08-03 14:40:07,4,
377,65,102,999,Giugliano in Campania,,0,1,2021-08-03 14:40:07,4,2021-08-03 14:40:07,4,
378,17,219,999,Glen Ellyn,,0,1,2021-08-03 14:40:07,4,2021-08-03 14:40:07,4,
379,45,219,999,Glen Mills,,0,1,2021-08-03 14:40:07,4,2021-08-03 14:40:07,4,
380,6,219,999,Glendale,,0,1,2021-08-03 14:40:07,4,2021-08-03 14:40:07,4,
381,45,219,999,Glenside,,0,1,2021-08-03 14:40:07,4,2021-08-03 14:40:07,4,
382,17,219,999,Glenview,,0,1,2021-08-03 14:40:07,4,2021-08-03 14:40:07,4,
383,26,219,999,Gloucester,,0,1,2021-08-03 14:40:07,4,2021-08-03 14:40:07,4,
384,34,219,999,Goffstown,,0,1,2021-08-03 14:40:07,4,2021-08-03 14:40:07,4,
385,227,102,999,Gorizia,,0,1,2021-08-03 14:40:07,4,2021-08-03 14:40:07,4,
386,39,219,999,Grand Forks,,0,1,2021-08-03 14:40:07,4,2021-08-03 14:40:07,4,
387,7,219,999,Grand Junction,,0,1,2021-08-03 14:40:07,4,2021-08-03 14:40:07,4,
388,51,219,999,Grand Prairie,,0,1,2021-08-03 14:40:07,4,2021-08-03 14:40:07,4,
389,27,219,999,Grand Rapids,,0,1,2021-08-03 14:40:07,4,2021-08-03 14:40:07,4,
390,27,219,999,Great Rapids,,0,1,2021-08-03 14:40:07,4,2021-08-03 14:40:07,4,
391,58,219,999,Green Bay,,0,1,2021-08-03 14:40:07,4,2021-08-03 14:40:07,4,
392,58,219,999,Greenfield,,0,1,2021-08-03 14:40:07,4,2021-08-03 14:40:07,4,
393,38,219,999,Greensboro,,0,1,2021-08-03 14:40:07,4,2021-08-03 14:40:07,4,
394,18,219,999,Greensburg,,0,1,2021-08-03 14:40:07,4,2021-08-03 14:40:07,4,
395,48,219,999,Greenville,,0,1,2021-08-03 14:40:07,4,2021-08-03 14:40:07,4,
396,8,219,999,Greenwich,,0,1,2021-08-03 14:40:07,4,2021-08-03 14:40:07,4,
397,27,219,999,Grosse Pointe Woods,,0,1,2021-08-03 14:40:07,4,2021-08-03 14:40:07,4,
398,228,102,999,Grosseto,,0,1,2021-08-03 14:40:07,4,2021-08-03 14:40:07,4,
399,26,219,999,Groveland,,0,1,2021-08-03 14:40:07,4,2021-08-03 14:40:07,4,
400,6,219,999,Grover Beach,,0,1,2021-08-03 14:40:07,4,2021-08-03 14:40:07,4,
401,216,102,999,Guardia Piemontese Terme,,0,1,2021-08-03 14:40:07,4,2021-08-03 14:40:07,4,
402,253,102,999,Gubbio,,0,1,2021-08-03 14:40:07,4,2021-08-03 14:40:07,4,
403,12,219,999,Gulfport,,0,1,2021-08-03 14:40:07,4,2021-08-03 14:40:07,4,
404,318,36,999,Halifax,,0,1,2021-08-03 14:40:07,4,2021-08-03 14:40:07,4,
406,301,36,999,Hamilton,,0,1,2021-08-03 14:40:07,4,2021-08-03 14:40:07,4,
407,22,219,999,Hammond,,0,1,2021-08-03 14:40:07,4,2021-08-03 14:40:07,4,
408,55,219,999,Hampton,,0,1,2021-08-03 14:40:07,4,2021-08-03 14:40:07,4,
409,51,219,999,Harlingen,,0,1,2021-08-03 14:40:07,4,2021-08-03 14:40:07,4,
410,8,219,999,Hartford,,0,1,2021-08-03 14:40:07,4,2021-08-03 14:40:07,4,
411,29,219,999,Hattiesburg,,0,1,2021-08-03 14:40:07,4,2021-08-03 14:40:07,4,
413,6,219,999,Hayward,,0,1,2021-08-03 14:40:07,4,2021-08-03 14:40:07,4,
414,33,219,999,Henderson,,0,1,2021-08-03 14:40:07,4,2021-08-03 14:40:07,4,
415,50,219,999,Hermitage,,0,1,2021-08-03 14:40:07,4,2021-08-03 14:40:07,4,
416,12,219,999,Hialeah,,0,1,2021-08-03 14:40:07,4,2021-08-03 14:40:07,4,
417,38,219,999,High Point,,0,1,2021-08-03 14:40:07,4,2021-08-03 14:40:07,4,
418,35,219,999,Hillsborough,,0,1,2021-08-03 14:40:07,4,2021-08-03 14:40:07,4,
419,51,219,999,Hixon,,0,1,2021-08-03 14:40:07,4,2021-08-03 14:40:07,4,
420,35,219,999,Hoboken,,0,1,2021-08-03 14:40:07,4,2021-08-03 14:40:07,4,
421,9,219,999,Hockessin,,0,1,2021-08-03 14:40:07,4,2021-08-03 14:40:07,4,
422,37,219,999,Holland,,0,1,2021-08-03 14:40:07,4,2021-08-03 14:40:07,4,
423,27,219,999,Holly,,0,1,2021-08-03 14:40:07,4,2021-08-03 14:40:07,4,
424,12,219,999,Hollywood,,0,1,2021-08-03 14:40:07,4,2021-08-03 14:40:07,4,
425,26,219,999,Holyoke,,0,1,2021-08-03 14:40:07,4,2021-08-03 14:40:07,4,
427,15,219,999,Honolulu,,0,1,2021-08-03 14:40:07,4,2021-08-03 14:40:07,4,
428,51,219,999,Houston,,0,1,2021-08-03 14:40:07,4,2021-08-03 14:40:07,4,
429,51,219,999,Huffman,,0,1,2021-08-03 14:40:07,4,2021-08-03 14:40:07,4,
430,51,219,999,Humble,,0,1,2021-08-03 14:40:07,4,2021-08-03 14:40:07,4,
431,45,219,999,Hummels Wharf,,0,1,2021-08-03 14:40:07,4,2021-08-03 14:40:07,4,
432,45,219,999,Huntingdon Valley,,0,1,2021-08-03 14:40:07,4,2021-08-03 14:40:07,4,
433,6,219,999,Huntington Beach,,0,1,2021-08-03 14:40:07,4,2021-08-03 14:40:07,4,
434,1,219,999,Huntsville,,0,1,2021-08-03 14:40:07,4,2021-08-03 14:40:07,4,
435,211,102,999,Iglesias,,0,1,2021-08-03 14:40:07,4,2021-08-03 14:40:07,4,
436,193,102,999,Imola,,0,1,2021-08-03 14:40:07,4,2021-08-03 14:40:07,4,
437,229,102,999,Imperia,,0,1,2021-08-03 14:40:07,4,2021-08-03 14:40:07,4,
438,30,219,999,Independence,,0,1,2021-08-03 14:40:07,4,2021-08-03 14:40:07,4,
439,18,219,999,Indianapolis,,0,1,2021-08-03 14:40:07,4,2021-08-03 14:40:07,4,
440,6,219,999,Inglewood,,0,1,2021-08-03 14:40:07,4,2021-08-03 14:40:07,4,
442,27,219,999,Interlochen,,0,1,2021-08-03 14:40:07,4,2021-08-03 14:40:07,4,
443,299,81,999,Irakleion,,0,1,2021-08-03 14:40:07,4,2021-08-03 14:40:07,4,
444,6,219,999,Irvine,,0,1,2021-08-03 14:40:07,4,2021-08-03 14:40:07,4,
445,51,219,999,Irving,,0,1,2021-08-03 14:40:07,4,2021-08-03 14:40:07,4,
446,245,102,999,Ischia,,0,1,2021-08-03 14:40:07,4,2021-08-03 14:40:07,4,
447,230,102,999,Isernia,,0,1,2021-08-03 14:40:07,4,2021-08-03 14:40:07,4,
448,233,102,999,Itri,,0,1,2021-08-03 14:40:07,4,2021-08-03 14:40:07,4,
449,29,219,999,Jackson,,0,1,2021-08-03 14:40:07,4,2021-08-03 14:40:07,4,
450,59,219,999,Jackson Hole,,0,1,2021-08-03 14:40:07,4,2021-08-03 14:40:07,4,
451,12,219,999,Jacksonville,,0,1,2021-08-03 14:40:07,4,2021-08-03 14:40:07,4,
452,35,219,999,Jersey City,,0,1,2021-08-03 14:40:07,4,2021-08-03 14:40:07,4,
453,51,219,999,Jersey Village,,0,1,2021-08-03 14:40:07,4,2021-08-03 14:40:07,4,
454,17,219,999,Johnsburg,,0,1,2021-08-03 14:40:07,4,2021-08-03 14:40:07,4,
455,17,219,999,Joliet,,0,1,2021-08-03 14:40:07,4,2021-08-03 14:40:07,4,
456,20,219,999,Kansas City,,0,1,2021-08-03 14:40:07,4,2021-08-03 14:40:07,4,
457,51,219,999,Katy,,0,1,2021-08-03 14:40:07,4,2021-08-03 14:40:07,4,
458,51,219,999,Keller,,0,1,2021-08-03 14:40:07,4,2021-08-03 14:40:07,4,
459,2,219,999,Kenai,,0,1,2021-08-03 14:40:07,4,2021-08-03 14:40:07,4,
460,22,219,999,Kenner,,0,1,2021-08-03 14:40:07,4,2021-08-03 14:40:07,4,
461,12,219,999,Key Biscayne,,0,1,2021-08-03 14:40:07,4,2021-08-03 14:40:07,4,
462,12,219,999,Key Byscane,,0,1,2021-08-03 14:40:07,4,2021-08-03 14:40:07,4,
463,12,219,999,Key West,,0,1,2021-08-03 14:40:07,4,2021-08-03 14:40:07,4,
464,51,219,999,Killeen,,0,1,2021-08-03 14:40:07,4,2021-08-03 14:40:07,4,
465,51,219,999,Kingwood,,0,1,2021-08-03 14:40:07,4,2021-08-03 14:40:07,4,
466,50,219,999,Knoxville,,0,1,2021-08-03 14:40:07,4,2021-08-03 14:40:07,4,
467,232,102,999,L'Aquila,,0,1,2021-08-03 14:40:07,4,2021-08-03 14:40:07,4,
468,6,219,999,La Canada Flintridge,,0,1,2021-08-03 14:40:07,4,2021-08-03 14:40:07,4,
469,6,219,999,La Costa,,0,1,2021-08-03 14:40:07,4,2021-08-03 14:40:07,4,
470,231,102,999,La Spezia,,0,1,2021-08-03 14:40:07,4,2021-08-03 14:40:07,4,
471,184,102,999,La Thuile,,0,1,2021-08-03 14:40:07,4,2021-08-03 14:40:07,4,
472,48,219,999,Ladson,,0,1,2021-08-03 14:40:07,4,2021-08-03 14:40:07,4,
473,22,219,999,Lafayette,,0,1,2021-08-03 14:40:07,4,2021-08-03 14:40:07,4,
474,12,219,999,Lake Worth,,0,1,2021-08-03 14:40:07,4,2021-08-03 14:40:07,4,
475,12,219,999,Lakeland,,0,1,2021-08-03 14:40:07,4,2021-08-03 14:40:07,4,
476,7,219,999,Lakewood,,0,1,2021-08-03 14:40:07,4,2021-08-03 14:40:07,4,
477,214,102,999,Lamezia Terme,,0,1,2021-08-03 14:40:07,4,2021-08-03 14:40:07,4,
478,6,219,999,Lancaster,,0,1,2021-08-03 14:40:07,4,2021-08-03 14:40:07,4,
479,12,219,999,Land O Lakes,,0,1,2021-08-03 14:40:07,4,2021-08-03 14:40:07,4,
480,27,219,999,Lansing,,0,1,2021-08-03 14:40:07,4,2021-08-03 14:40:07,4,
481,51,219,999,Laredo,,0,1,2021-08-03 14:40:07,4,2021-08-03 14:40:07,4,
482,36,219,999,Las Cruces,,0,1,2021-08-03 14:40:07,4,2021-08-03 14:40:07,4,
483,33,219,999,Las Vegas,,0,1,2021-08-03 14:40:07,4,2021-08-03 14:40:07,4,
484,233,102,999,Latina,,0,1,2021-08-03 14:40:07,4,2021-08-03 14:40:07,4,
485,12,219,999,Lauderdale By The Sea,,0,1,2021-08-03 14:40:07,4,2021-08-03 14:40:07,4,
486,12,219,999,Laurel Hill,,0,1,2021-08-03 14:40:07,4,2021-08-03 14:40:07,4,
487,260,102,999,Lauria,,0,1,2021-08-03 14:40:07,4,2021-08-03 14:40:07,4,
488,226,102,999,Lavagna,,0,1,2021-08-03 14:40:07,4,2021-08-03 14:40:07,4,
489,51,219,999,League City,,0,1,2021-08-03 14:40:07,4,2021-08-03 14:40:07,4,
490,18,219,999,Lebanon,,0,1,2021-08-03 14:40:07,4,2021-08-03 14:40:07,4,
491,234,102,999,Lecce,,0,1,2021-08-03 14:40:07,4,2021-08-03 14:40:07,4,
492,235,102,999,Lecco,,0,1,2021-08-03 14:40:07,4,2021-08-03 14:40:07,4,
493,35,219,999,Ledgewood,,0,1,2021-08-03 14:40:07,4,2021-08-03 14:40:07,4,
494,231,102,999,Lerici,,0,1,2021-08-03 14:40:07,4,2021-08-03 14:40:07,4,
495,231,102,999,Levanto,,0,1,2021-08-03 14:40:07,4,2021-08-03 14:40:07,4,
496,51,219,999,Lewisville,,0,1,2021-08-03 14:40:07,4,2021-08-03 14:40:07,4,
497,26,219,999,Lexington,,0,1,2021-08-03 14:40:07,4,2021-08-03 14:40:07,4,
499,190,102,999,Limito Di Pioltello,,0,1,2021-08-03 14:40:07,4,2021-08-03 14:40:07,4,
500,32,219,999,Lincoln,,0,1,2021-08-03 14:40:07,4,2021-08-03 14:40:07,4,
502,301,36,999,Listowel,,0,1,2021-08-03 14:40:07,4,2021-08-03 14:40:07,4,
503,13,219,999,Lithia Spring,,0,1,2021-08-03 14:40:07,4,2021-08-03 14:40:07,4,
505,28,219,999,Little Canada,,0,1,2021-08-03 14:40:07,4,2021-08-03 14:40:07,4,
506,35,219,999,Little Falls,,0,1,2021-08-03 14:40:07,4,2021-08-03 14:40:07,4,
507,5,219,999,Little Rock,,0,1,2021-08-03 14:40:07,4,2021-08-03 14:40:07,4,
508,7,219,999,Littleton,,0,1,2021-08-03 14:40:07,4,2021-08-03 14:40:07,4,
509,236,102,999,Livorno,,0,1,2021-08-03 14:40:07,4,2021-08-03 14:40:07,4,
511,327,36,999,Lloydminster,,0,1,2021-08-03 14:40:07,4,2021-08-03 14:40:07,4,
512,200,102,999,Locorotondo,,0,1,2021-08-03 14:40:07,4,2021-08-03 14:40:07,4,
513,37,219,999,Lodgemount,,0,1,2021-08-03 14:40:07,4,2021-08-03 14:40:07,4,
514,237,102,999,Lodi,,0,1,2021-08-03 14:40:07,4,2021-08-03 14:40:07,4,
516,37,219,999,Long Beach,,0,1,2021-08-03 14:40:07,4,2021-08-03 14:40:07,4,
517,6,219,999,Los Angeles,,0,1,2021-08-03 14:40:07,4,2021-08-03 14:40:07,4,
518,21,219,999,Louisville,,0,1,2021-08-03 14:40:07,4,2021-08-03 14:40:07,4,
519,41,219,999,Loveland,,0,1,2021-08-03 14:40:07,4,2021-08-03 14:40:07,4,
520,26,219,999,Lowell,,0,1,2021-08-03 14:40:07,4,2021-08-03 14:40:07,4,
521,51,219,999,Lubbock,,0,1,2021-08-03 14:40:07,4,2021-08-03 14:40:07,4,
522,238,102,999,Lucca,,0,1,2021-08-03 14:40:07,4,2021-08-03 14:40:07,4,
524,9,219,999,Luilmington,,0,1,2021-08-03 14:40:07,4,2021-08-03 14:40:07,4,
525,21,219,999,Luisville,,0,1,2021-08-03 14:40:07,4,2021-08-03 14:40:07,4,
526,239,102,999,Macerata,,0,1,2021-08-03 14:40:07,4,2021-08-03 14:40:07,4,
527,282,102,999,Macugnaga,,0,1,2021-08-03 14:40:07,4,2021-08-03 14:40:07,4,
528,58,219,999,Madison,,0,1,2021-08-03 14:40:07,4,2021-08-03 14:40:07,4,
529,277,102,999,Madonna Di Campiglio,,0,1,2021-08-03 14:40:07,4,2021-08-03 14:40:07,4,
531,51,219,999,Magnolia,,0,1,2021-08-03 14:40:07,4,2021-08-03 14:40:07,4,
532,12,219,999,Maitland,,0,1,2021-08-03 14:40:07,4,2021-08-03 14:40:07,4,
533,195,102,999,Malfa Isola Di Salina,,0,1,2021-08-03 14:40:07,4,2021-08-03 14:40:07,4,
534,231,102,999,Manarola,,0,1,2021-08-03 14:40:07,4,2021-08-03 14:40:07,4,
535,55,219,999,Manassas,,0,1,2021-08-03 14:40:07,4,2021-08-03 14:40:07,4,
536,34,219,999,Manchester,,0,1,2021-08-03 14:40:07,4,2021-08-03 14:40:07,4,
537,240,102,999,Mantova,,0,1,2021-08-03 14:40:07,4,2021-08-03 14:40:07,4,
539,12,219,999,Marco Island,,0,1,2021-08-03 14:40:07,4,2021-08-03 14:40:07,4,
540,19,219,999,Marengo,,0,1,2021-08-03 14:40:07,4,2021-08-03 14:40:07,4,
541,13,219,999,Marietta,,0,1,2021-08-03 14:40:07,4,2021-08-03 14:40:07,4,
542,277,102,999,Marilleva 1400,,0,1,2021-08-03 14:40:07,4,2021-08-03 14:40:07,4,
543,238,102,999,Marina Di Pietrasanta,,0,1,2021-08-03 14:40:07,4,2021-08-03 14:40:07,4,
544,195,102,999,Marina Di Salina ,,0,1,2021-08-03 14:40:07,4,2021-08-03 14:40:07,4,
545,245,102,999,Marina Di Stabia,,0,1,2021-08-03 14:40:07,4,2021-08-03 14:40:07,4,
546,276,102,999,Marsala,,0,1,2021-08-03 14:40:07,4,2021-08-03 14:40:07,4,
548,272,102,999,Martina-franca,,0,1,2021-08-03 14:40:07,4,2021-08-03 14:40:07,4,
549,241,102,999,Massa Carrara,,0,1,2021-08-03 14:40:07,4,2021-08-03 14:40:07,4,
550,228,102,999,Massa Marittima,,0,1,2021-08-03 14:40:07,4,2021-08-03 14:40:07,4,
551,37,219,999,Massapequa,,0,1,2021-08-03 14:40:07,4,2021-08-03 14:40:07,4,
552,35,219,999,Matawan,,0,1,2021-08-03 14:40:07,4,2021-08-03 14:40:07,4,
553,242,102,999,Matera,,0,1,2021-08-03 14:40:07,4,2021-08-03 14:40:07,4,
554,276,102,999,Mazara Del Vallo,,0,1,2021-08-03 14:40:07,4,2021-08-03 14:40:07,4,
555,51,219,999,McAllen,,0,1,2021-08-03 14:40:07,4,2021-08-03 14:40:07,4,
556,51,219,999,McKinney,,0,1,2021-08-03 14:40:07,4,2021-08-03 14:40:07,4,
557,43,219,999,Mcminnville,,0,1,2021-08-03 14:40:07,4,2021-08-03 14:40:07,4,
558,43,219,999,Medford,,0,1,2021-08-03 14:40:07,4,2021-08-03 14:40:07,4,
559,41,219,999,Medina,,0,1,2021-08-03 14:40:07,4,2021-08-03 14:40:07,4,
560,268,102,999,Medio Campidano,,0,1,2021-08-03 14:40:07,4,2021-08-03 14:40:07,4,
561,12,219,999,Melbourne,,0,1,2021-08-03 14:40:07,4,2021-08-03 14:40:07,4,
562,50,219,999,Memphis,,0,1,2021-08-03 14:40:07,4,2021-08-03 14:40:07,4,
563,191,102,999,Menaggio,,0,1,2021-08-03 14:40:07,4,2021-08-03 14:40:07,4,
564,41,219,999,Mentor,,0,1,2021-08-03 14:40:07,4,2021-08-03 14:40:07,4,
565,205,102,999,Merano,,0,1,2021-08-03 14:40:07,4,2021-08-03 14:40:07,4,
566,235,102,999,Merate,,0,1,2021-08-03 14:40:07,4,2021-08-03 14:40:07,4,
567,20,219,999,Merriam,,0,1,2021-08-03 14:40:07,4,2021-08-03 14:40:07,4,
568,34,219,999,Merrimack,,0,1,2021-08-03 14:40:07,4,2021-08-03 14:40:07,4,
569,4,219,999,Mesa,,0,1,2021-08-03 14:40:07,4,2021-08-03 14:40:07,4,
570,51,219,999,Mesquite,,0,1,2021-08-03 14:40:07,4,2021-08-03 14:40:07,4,
571,195,102,999,Messina,,0,1,2021-08-03 14:40:07,4,2021-08-03 14:40:07,4,
572,22,219,999,Metairie,,0,1,2021-08-03 14:40:07,4,2021-08-03 14:40:07,4,
573,277,102,999,Mezzana,,0,1,2021-08-03 14:40:07,4,2021-08-03 14:40:07,4,
574,12,219,999,Miami,,0,1,2021-08-03 14:40:07,4,2021-08-03 14:40:07,4,
575,12,219,999,Miami Gardens,,0,1,2021-08-03 14:40:07,4,2021-08-03 14:40:07,4,
576,25,219,999,Middle River,,0,1,2021-08-03 14:40:07,4,2021-08-03 14:40:07,4,
577,51,219,999,Midland,,0,1,2021-08-03 14:40:07,4,2021-08-03 14:40:07,4,
578,70,102,999,Milan,,0,1,2021-08-03 14:40:07,4,2021-08-03 14:40:07,4,
579,190,102,999,Milano,,0,1,2021-08-03 14:40:07,4,2021-08-03 14:40:07,4,
581,195,102,999,Milazzo,,0,1,2021-08-03 14:40:07,4,2021-08-03 14:40:07,4,
582,25,219,999,Millersville,,0,1,2021-08-03 14:40:07,4,2021-08-03 14:40:07,4,
583,269,102,999,Millesimo,,0,1,2021-08-03 14:40:07,4,2021-08-03 14:40:07,4,
584,37,219,999,Millwood,,0,1,2021-08-03 14:40:07,4,2021-08-03 14:40:07,4,
585,6,219,999,Milpitas,,0,1,2021-08-03 14:40:07,4,2021-08-03 14:40:07,4,
586,58,219,999,Milwaukee,,0,1,2021-08-03 14:40:07,4,2021-08-03 14:40:07,4,
587,28,219,999,Minneapolis,,0,1,2021-08-03 14:40:07,4,2021-08-03 14:40:07,4,
588,267,102,999,Minori,,0,1,2021-08-03 14:40:07,4,2021-08-03 14:40:07,4,
589,12,219,999,Miramar,,0,1,2021-08-03 14:40:07,4,2021-08-03 14:40:07,4,
590,205,102,999,Missiano,,0,1,2021-08-03 14:40:07,4,2021-08-03 14:40:07,4,
591,51,219,999,Missouri City,,0,1,2021-08-03 14:40:07,4,2021-08-03 14:40:07,4,
592,13,219,999,Mitchell,,0,1,2021-08-03 14:40:07,4,2021-08-03 14:40:07,4,
593,233,102,999,Miturno,,0,1,2021-08-03 14:40:07,4,2021-08-03 14:40:07,4,
594,1,219,999,Mobile,,0,1,2021-08-03 14:40:07,4,2021-08-03 14:40:07,4,
595,243,102,999,Modena,,0,1,2021-08-03 14:40:07,4,2021-08-03 14:40:07,4,
596,243,102,999,Modena-Campogalliano,,0,1,2021-08-03 14:40:07,4,2021-08-03 14:40:07,4,
597,6,219,999,Modesto,,0,1,2021-08-03 14:40:07,4,2021-08-03 14:40:07,4,
598,277,102,999,Moena,,0,1,2021-08-03 14:40:07,4,2021-08-03 14:40:07,4,
599,200,102,999,Molfetta,,0,1,2021-08-03 14:40:07,4,2021-08-03 14:40:07,4,
600,191,102,999,Moltrasio,,0,1,2021-08-03 14:40:07,4,2021-08-03 14:40:07,4,
601,219,102,999,Monforte D'alba,,0,1,2021-08-03 14:40:07,4,2021-08-03 14:40:07,4,
602,37,219,999,Monroe,,0,1,2021-08-03 14:40:07,4,2021-08-03 14:40:07,4,
603,35,219,999,Monroe Township,,0,1,2021-08-03 14:40:07,4,2021-08-03 14:40:07,4,
604,45,219,999,Monroeville,,0,1,2021-08-03 14:40:07,4,2021-08-03 14:40:07,4,
605,189,102,999,Montaione,,0,1,2021-08-03 14:40:07,4,2021-08-03 14:40:07,4,
606,270,102,999,Montalcino,,0,1,2021-08-03 14:40:07,4,2021-08-03 14:40:07,4,
607,238,102,999,Montecarlo,,0,1,2021-08-03 14:40:07,4,2021-08-03 14:40:07,4,
608,258,102,999,Montecatini Terme,,0,1,2021-08-03 14:40:07,4,2021-08-03 14:40:07,4,
609,270,102,999,Montefollonico,,0,1,2021-08-03 14:40:07,4,2021-08-03 14:40:07,4,
610,199,102,999,Montella,,0,1,2021-08-03 14:40:07,4,2021-08-03 14:40:07,4,
611,214,102,999,Montepaone,,0,1,2021-08-03 14:40:07,4,2021-08-03 14:40:07,4,
612,270,102,999,Montepulciano,,0,1,2021-08-03 14:40:07,4,2021-08-03 14:40:07,4,
613,270,102,999,Monteriggioni,,0,1,2021-08-03 14:40:07,4,2021-08-03 14:40:07,4,
614,270,102,999,Monteroni D'arbia,,0,1,2021-08-03 14:40:07,4,2021-08-03 14:40:07,4,
615,231,102,999,Monterosso Al Mare,,0,1,2021-08-03 14:40:07,4,2021-08-03 14:40:07,4,
616,185,102,999,Montevarchi,,0,1,2021-08-03 14:40:07,4,2021-08-03 14:40:07,4,
617,1,219,999,Montgomery,,0,1,2021-08-03 14:40:07,4,2021-08-03 14:40:07,4,
618,270,102,999,Montisi,,0,1,2021-08-03 14:40:07,4,2021-08-03 14:40:07,4,
619,302,36,999,Montreal,,0,1,2021-08-03 14:40:07,4,2021-08-03 14:40:07,4,
620,244,102,999,Monza,,0,1,2021-08-03 14:40:07,4,2021-08-03 14:40:07,4,
621,45,219,999,Moon Township,,0,1,2021-08-03 14:40:07,4,2021-08-03 14:40:07,4,
622,192,102,999,Morbegno,,0,1,2021-08-03 14:40:07,4,2021-08-03 14:40:07,4,
623,6,219,999,Moreno Valley,,0,1,2021-08-03 14:40:07,4,2021-08-03 14:40:07,4,
624,7,219,999,Morrison,,0,1,2021-08-03 14:40:07,4,2021-08-03 14:40:07,4,
625,22,219,999,Moss Bluff,,0,1,2021-08-03 14:40:07,4,2021-08-03 14:40:07,4,
626,6,219,999,Mountain View,,0,1,2021-08-03 14:40:07,4,2021-08-03 14:40:07,4,
627,199,102,999,Mugnano Del Cardinale,,0,1,2021-08-03 14:40:07,4,2021-08-03 14:40:07,4,
629,6,219,999,Murrieta,,0,1,2021-08-03 14:40:07,4,2021-08-03 14:40:07,4,
630,30,219,999,Muskegon,,0,1,2021-08-03 14:40:07,4,2021-08-03 14:40:07,4,
631,48,219,999,Myrtle Beach,,0,1,2021-08-03 14:40:07,4,2021-08-03 14:40:07,4,
632,8,219,999,Mystic,,0,1,2021-08-03 14:40:07,4,2021-08-03 14:40:07,4,
633,51,219,999,Nacodoches,,0,1,2021-08-03 14:40:07,4,2021-08-03 14:40:07,4,
634,35,219,999,Nahwah,,0,1,2021-08-03 14:40:07,4,2021-08-03 14:40:07,4,
635,17,219,999,Naperville,,0,1,2021-08-03 14:40:07,4,2021-08-03 14:40:07,4,
636,65,102,999,Naples,,0,1,2021-08-03 14:40:07,4,2021-08-03 14:40:07,4,
637,245,102,999,Napoli,,0,1,2021-08-03 14:40:07,4,2021-08-03 14:40:07,4,
638,34,219,999,Nashua,,0,1,2021-08-03 14:40:07,4,2021-08-03 14:40:07,4,
639,50,219,999,Nashville,,0,1,2021-08-03 14:40:07,4,2021-08-03 14:40:07,4,
640,12,219,999,Navarre,,0,1,2021-08-03 14:40:07,4,2021-08-03 14:40:07,4,
641,51,219,999,Navasota,,0,1,2021-08-03 14:40:07,4,2021-08-03 14:40:07,4,
642,26,219,999,Needham,,0,1,2021-08-03 14:40:07,4,2021-08-03 14:40:07,4,
643,38,219,999,New Bern,,0,1,2021-08-03 14:40:07,4,2021-08-03 14:40:07,4,
644,51,219,999,New Braunfels,,0,1,2021-08-03 14:40:07,4,2021-08-03 14:40:07,4,
645,8,219,999,New Haven,,0,1,2021-08-03 14:40:07,4,2021-08-03 14:40:07,4,
646,22,219,999,New Orleans,,0,1,2021-08-03 14:40:07,4,2021-08-03 14:40:07,4,
647,37,219,999,New York,,0,1,2021-08-03 14:40:07,4,2021-08-03 14:40:07,4,
648,35,219,999,Newark,,0,1,2021-08-03 14:40:07,4,2021-08-03 14:40:07,4,
649,38,219,999,Newbern,,0,1,2021-08-03 14:40:07,4,2021-08-03 14:40:07,4,
650,34,219,999,Newbury,,0,1,2021-08-03 14:40:07,4,2021-08-03 14:40:07,4,
651,26,219,999,Newburyport,,0,1,2021-08-03 14:40:07,4,2021-08-03 14:40:07,4,
652,6,219,999,Newport Beach ,,0,1,2021-08-03 14:40:07,4,2021-08-03 14:40:07,4,
653,6,219,999,Newport Coast,,0,1,2021-08-03 14:40:07,4,2021-08-03 14:40:07,4,
654,55,219,999,Newport News,,0,1,2021-08-03 14:40:07,4,2021-08-03 14:40:07,4,
655,34,219,999,Newton,,0,1,2021-08-03 14:40:07,4,2021-08-03 14:40:07,4,
657,51,219,999,Nocona,,0,1,2021-08-03 14:40:07,4,2021-08-03 14:40:07,4,
658,253,102,999,Norcia,,0,1,2021-08-03 14:40:07,4,2021-08-03 14:40:07,4,
659,55,219,999,Norfolk,,0,1,2021-08-03 14:40:07,4,2021-08-03 14:40:07,4,
660,42,219,999,Norman,,0,1,2021-08-03 14:40:07,4,2021-08-03 14:40:07,4,
661,48,219,999,North Augusta,,0,1,2021-08-03 14:40:07,4,2021-08-03 14:40:07,4,
662,35,219,999,North Brunswick,,0,1,2021-08-03 14:40:07,4,2021-08-03 14:40:07,4,
663,33,219,999,North Las Vegas,,0,1,2021-08-03 14:40:07,4,2021-08-03 14:40:07,4,
664,45,219,999,North Wales,,0,1,2021-08-03 14:40:07,4,2021-08-03 14:40:07,4,
665,27,219,999,Norton Shores,,0,1,2021-08-03 14:40:07,4,2021-08-03 14:40:07,4,
666,51,219,999,Nortwood,,0,1,2021-08-03 14:40:07,4,2021-08-03 14:40:07,4,
667,6,219,999,Norwalk,,0,1,2021-08-03 14:40:07,4,2021-08-03 14:40:07,4,
669,246,102,999,Novara,,0,1,2021-08-03 14:40:07,4,2021-08-03 14:40:07,4,
670,247,102,999,Nuoro,,0,1,2021-08-03 14:40:07,4,2021-08-03 14:40:07,4,
671,6,219,999,Oakland,,0,1,2021-08-03 14:40:07,4,2021-08-03 14:40:07,4,
672,12,219,999,Oakland Park,,0,1,2021-08-03 14:40:07,4,2021-08-03 14:40:07,4,
673,6,219,999,Oceanside,,0,1,2021-08-03 14:40:07,4,2021-08-03 14:40:07,4,
674,58,219,999,Oconomowac,,0,1,2021-08-03 14:40:07,4,2021-08-03 14:40:07,4,
675,28,219,999,Ofallon,,0,1,2021-08-03 14:40:07,4,2021-08-03 14:40:07,4,
676,275,102,999,Ogliastra,,0,1,2021-08-03 14:40:07,4,2021-08-03 14:40:07,4,
678,42,219,999,Oklahoma City,,0,1,2021-08-03 14:40:07,4,2021-08-03 14:40:07,4,
679,20,219,999,Olathe,,0,1,2021-08-03 14:40:07,4,2021-08-03 14:40:07,4,
680,248,102,999,Olbia,,0,1,2021-08-03 14:40:07,4,2021-08-03 14:40:07,4,
681,12,219,999,Oldsmar,,0,1,2021-08-03 14:40:07,4,2021-08-03 14:40:07,4,
682,267,102,999,Oliveto Citra,,0,1,2021-08-03 14:40:07,4,2021-08-03 14:40:07,4,
683,32,219,999,Omaha,,0,1,2021-08-03 14:40:07,4,2021-08-03 14:40:07,4,
684,282,102,999,Omegna,,0,1,2021-08-03 14:40:07,4,2021-08-03 14:40:07,4,
686,6,219,999,Ontario,,0,1,2021-08-03 14:40:07,4,2021-08-03 14:40:07,4,
687,6,219,999,Orange,,0,1,2021-08-03 14:40:07,4,2021-08-03 14:40:07,4,
688,12,219,999,Orange Park,,0,1,2021-08-03 14:40:07,4,2021-08-03 14:40:07,4,
689,228,102,999,Orbetello,,0,1,2021-08-03 14:40:07,4,2021-08-03 14:40:07,4,
690,198,102,999,Orio Al Serio,,0,1,2021-08-03 14:40:07,4,2021-08-03 14:40:07,4,
691,249,102,999,Oristano,,0,1,2021-08-03 14:40:07,4,2021-08-03 14:40:07,4,
692,12,219,999,Orlando,,0,1,2021-08-03 14:40:07,4,2021-08-03 14:40:07,4,
693,12,219,999,Ormond Beach,,0,1,2021-08-03 14:40:07,4,2021-08-03 14:40:07,4,
694,205,102,999,Ortisei,,0,1,2021-08-03 14:40:07,4,2021-08-03 14:40:07,4,
695,274,102,999,Orvieto,,0,1,2021-08-03 14:40:07,4,2021-08-03 14:40:07,4,
696,27,219,999,Oscoda,,0,1,2021-08-03 14:40:07,4,2021-08-03 14:40:07,4,
697,58,219,999,Oshkosh,,0,1,2021-08-03 14:40:07,4,2021-08-03 14:40:07,4,
698,282,102,999,Ossola,,0,1,2021-08-03 14:40:07,4,2021-08-03 14:40:07,4,
699,188,102,999,Ostia,,0,1,2021-08-03 14:40:07,4,2021-08-03 14:40:07,4,
700,207,102,999,Ostuni,,0,1,2021-08-03 14:40:07,4,2021-08-03 14:40:07,4,
701,17,219,999,Oswego,,0,1,2021-08-03 14:40:07,4,2021-08-03 14:40:07,4,
702,302,36,999,Ottawa,,0,1,2021-08-03 14:40:07,4,2021-08-03 14:40:07,4,
703,322,14,999,Out Of Order,,0,1,2021-08-03 14:40:07,4,2021-08-03 14:40:07,4,
704,20,219,999,Overland Park,,0,1,2021-08-03 14:40:07,4,2021-08-03 14:40:07,4,
705,12,219,999,Oviedo,,0,1,2021-08-03 14:40:07,4,2021-08-03 14:40:07,4,
706,6,219,999,Oxnard,,0,1,2021-08-03 14:40:07,4,2021-08-03 14:40:07,4,
707,6,219,999,Pacifica,,0,1,2021-08-03 14:40:07,4,2021-08-03 14:40:07,4,
708,250,102,999,Padova,,0,1,2021-08-03 14:40:07,4,2021-08-03 14:40:07,4,
709,79,102,999,Padua,,0,1,2021-08-03 14:40:07,4,2021-08-03 14:40:07,4,
710,267,102,999,Padula,,0,1,2021-08-03 14:40:07,4,2021-08-03 14:40:07,4,
711,267,102,999,Paestum,,0,1,2021-08-03 14:40:07,4,2021-08-03 14:40:07,4,
712,196,102,999,Palermo,,0,1,2021-08-03 14:40:07,4,2021-08-03 14:40:07,4,
713,188,102,999,Palestrina,,0,1,2021-08-03 14:40:07,4,2021-08-03 14:40:07,4,
714,12,219,999,Palm Bay,,0,1,2021-08-03 14:40:07,4,2021-08-03 14:40:07,4,
716,6,219,999,Palmdale,,0,1,2021-08-03 14:40:07,4,2021-08-03 14:40:07,4,
717,12,219,999,Panama City,,0,1,2021-08-03 14:40:07,4,2021-08-03 14:40:07,4,
718,216,102,999,Paola,,0,1,2021-08-03 14:40:07,4,2021-08-03 14:40:07,4,
719,251,102,999,Parma,,0,1,2021-08-03 14:40:07,4,2021-08-03 14:40:07,4,
720,12,219,999,Parrish,,0,1,2021-08-03 14:40:07,4,2021-08-03 14:40:07,4,
721,51,219,999,Pasadena,,0,1,2021-08-03 14:40:07,4,2021-08-03 14:40:07,4,
722,56,219,999,Pasco,,0,1,2021-08-03 14:40:07,4,2021-08-03 14:40:07,4,
723,189,102,999,Passignano,,0,1,2021-08-03 14:40:07,4,2021-08-03 14:40:07,4,
724,35,219,999,Paterson,,0,1,2021-08-03 14:40:07,4,2021-08-03 14:40:07,4,
725,225,102,999,Patrica,,0,1,2021-08-03 14:40:07,4,2021-08-03 14:40:07,4,
726,252,102,999,Pavia,,0,1,2021-08-03 14:40:07,4,2021-08-03 14:40:07,4,
727,51,219,999,Pearland,,0,1,2021-08-03 14:40:07,4,2021-08-03 14:40:07,4,
728,12,219,999,Pembroke Pines,,0,1,2021-08-03 14:40:07,4,2021-08-03 14:40:07,4,
729,18,219,999,Pendleton,,0,1,2021-08-03 14:40:07,4,2021-08-03 14:40:07,4,
730,35,219,999,Pennsville,,0,1,2021-08-03 14:40:07,4,2021-08-03 14:40:07,4,
731,12,219,999,Pensacola,,0,1,2021-08-03 14:40:07,4,2021-08-03 14:40:07,4,
732,17,219,999,Peoria,,0,1,2021-08-03 14:40:07,4,2021-08-03 14:40:07,4,
733,19,219,999,Peosta,,0,1,2021-08-03 14:40:07,4,2021-08-03 14:40:07,4,
734,17,219,999,Peotone,,0,1,2021-08-03 14:40:07,4,2021-08-03 14:40:07,4,
735,253,102,999,Perugia,,0,1,2021-08-03 14:40:07,4,2021-08-03 14:40:07,4,
736,254,102,999,Pesaro,,0,1,2021-08-03 14:40:07,4,2021-08-03 14:40:07,4,
737,255,102,999,Pescara,,0,1,2021-08-03 14:40:07,4,2021-08-03 14:40:07,4,
738,284,102,999,Peschiera Del Garda,,0,1,2021-08-03 14:40:07,4,2021-08-03 14:40:07,4,
739,223,102,999,Peschigi,,0,1,2021-08-03 14:40:07,4,2021-08-03 14:40:07,4,
740,258,102,999,Pescia,,0,1,2021-08-03 14:40:07,4,2021-08-03 14:40:07,4,
741,301,36,999,Peterborough,,0,1,2021-08-03 14:40:07,4,2021-08-03 14:40:07,4,
742,196,102,999,Petralia Soprana,,0,1,2021-08-03 14:40:07,4,2021-08-03 14:40:07,4,
743,38,219,999,Pfafftown,,0,1,2021-08-03 14:40:07,4,2021-08-03 14:40:07,4,
744,51,219,999,Pflugerville,,0,1,2021-08-03 14:40:07,4,2021-08-03 14:40:07,4,
745,45,219,999,Philadelphia,,0,1,2021-08-03 14:40:07,4,2021-08-03 14:40:07,4,
746,4,219,999,Phoenix,,0,1,2021-08-03 14:40:07,4,2021-08-03 14:40:07,4,
747,256,102,999,Piacenza,,0,1,2021-08-03 14:40:07,4,2021-08-03 14:40:07,4,
748,193,102,999,Pianoro,,0,1,2021-08-03 14:40:07,4,2021-08-03 14:40:07,4,
749,220,102,999,Piazza Armerina,,0,1,2021-08-03 14:40:07,4,2021-08-03 14:40:07,4,
750,270,102,999,Pienza,,0,1,2021-08-03 14:40:07,4,2021-08-03 14:40:07,4,
751,238,102,999,Pietrasanta,,0,1,2021-08-03 14:40:07,4,2021-08-03 14:40:07,4,
752,38,219,999,Pikeville,,0,1,2021-08-03 14:40:07,4,2021-08-03 14:40:07,4,
753,257,102,999,Pisa,,0,1,2021-08-03 14:40:07,4,2021-08-03 14:40:07,4,
754,257,102,999,Pisa-Riparbella,,0,1,2021-08-03 14:40:07,4,2021-08-03 14:40:07,4,
755,258,102,999,Pistoia,,0,1,2021-08-03 14:40:07,4,2021-08-03 14:40:07,4,
756,228,102,999,Pitigliano,,0,1,2021-08-03 14:40:07,4,2021-08-03 14:40:07,4,
757,45,219,999,Pittsburgh,,0,1,2021-08-03 14:40:07,4,2021-08-03 14:40:07,4,
758,37,219,999,Pittsford,,0,1,2021-08-03 14:40:07,4,2021-08-03 14:40:07,4,
759,51,219,999,Plano,,0,1,2021-08-03 14:40:07,4,2021-08-03 14:40:07,4,
760,6,219,999,Pleasant Hill,,0,1,2021-08-03 14:40:07,4,2021-08-03 14:40:07,4,
761,27,219,999,Plymouth,,0,1,2021-08-03 14:40:07,4,2021-08-03 14:40:07,4,
762,25,219,999,Pocomoke,,0,1,2021-08-03 14:40:07,4,2021-08-03 14:40:07,4,
763,200,102,999,Polignano A Mare,,0,1,2021-08-03 14:40:07,4,2021-08-03 14:40:07,4,
764,219,102,999,Pollenzo-Bra,,0,1,2021-08-03 14:40:07,4,2021-08-03 14:40:07,4,
765,188,102,999,Pomezia,,0,1,2021-08-03 14:40:07,4,2021-08-03 14:40:07,4,
766,6,219,999,Pomona,,0,1,2021-08-03 14:40:07,4,2021-08-03 14:40:07,4,
767,12,219,999,Pompano Beach,,0,1,2021-08-03 14:40:07,4,2021-08-03 14:40:07,4,
768,245,102,999,Pompei,,0,1,2021-08-03 14:40:07,4,2021-08-03 14:40:07,4,
769,206,102,999,Ponte Di Legno,,0,1,2021-08-03 14:40:07,4,2021-08-03 14:40:07,4,
770,278,102,999,Ponzano Veneto,,0,1,2021-08-03 14:40:07,4,2021-08-03 14:40:07,4,
771,259,102,999,Pordenone,,0,1,2021-08-03 14:40:07,4,2021-08-03 14:40:07,4,
772,37,219,999,Port Chester,,0,1,2021-08-03 14:40:07,4,2021-08-03 14:40:07,4,
773,12,219,999,Port St. Lucie,,0,1,2021-08-03 14:40:07,4,2021-08-03 14:40:07,4,
774,51,219,999,Porter,,0,1,2021-08-03 14:40:07,4,2021-08-03 14:40:07,4,
775,43,219,999,Portland,,0,1,2021-08-03 14:40:07,4,2021-08-03 14:40:07,4,
776,248,102,999,Porto Cervo,,0,1,2021-08-03 14:40:07,4,2021-08-03 14:40:07,4,
777,248,102,999,Porto Rotondo,,0,1,2021-08-03 14:40:07,4,2021-08-03 14:40:07,4,
778,228,102,999,Porto Santo Stefano,,0,1,2021-08-03 14:40:07,4,2021-08-03 14:40:07,4,
779,226,102,999,Portofino,,0,1,2021-08-03 14:40:07,4,2021-08-03 14:40:07,4,
780,231,102,999,Portovenere,,0,1,2021-08-03 14:40:07,4,2021-08-03 14:40:07,4,
781,55,219,999,Portsmouth,,0,1,2021-08-03 14:40:07,4,2021-08-03 14:40:07,4,
782,267,102,999,Positano,,0,1,2021-08-03 14:40:07,4,2021-08-03 14:40:07,4,
783,260,102,999,Potenza,,0,1,2021-08-03 14:40:07,4,2021-08-03 14:40:07,4,
784,213,102,999,Pozzillo,,0,1,2021-08-03 14:40:07,4,2021-08-03 14:40:07,4,
785,245,102,999,Pozzuoli,,0,1,2021-08-03 14:40:07,4,2021-08-03 14:40:07,4,
786,339,14,999,Prague,,0,1,2021-08-03 14:40:07,4,2021-08-03 14:40:07,4,
787,216,102,999,Praia A Mare,,0,1,2021-08-03 14:40:07,4,2021-08-03 14:40:07,4,
788,216,102,999,Praia Del Mare,,0,1,2021-08-03 14:40:07,4,2021-08-03 14:40:07,4,
789,267,102,999,Praiano,,0,1,2021-08-03 14:40:07,4,2021-08-03 14:40:07,4,
790,22,219,999,Prairieville,,0,1,2021-08-03 14:40:07,4,2021-08-03 14:40:07,4,
791,261,102,999,Prato,,0,1,2021-08-03 14:40:07,4,2021-08-03 14:40:07,4,
792,47,219,999,Providence,,0,1,2021-08-03 14:40:07,4,2021-08-03 14:40:07,4,
793,55,219,999,Providence Forge,,0,1,2021-08-03 14:40:07,4,2021-08-03 14:40:07,4,
794,52,219,999,Provo,,0,1,2021-08-03 14:40:07,4,2021-08-03 14:40:07,4,
795,7,219,999,Pueblo,,0,1,2021-08-03 14:40:07,4,2021-08-03 14:40:07,4,
796,187,102,999,Quarto D'altino,,0,1,2021-08-03 14:40:07,4,2021-08-03 14:40:07,4,
797,51,219,999,Quitman,,0,1,2021-08-03 14:40:07,4,2021-08-03 14:40:07,4,
798,58,219,999,Racine,,0,1,2021-08-03 14:40:07,4,2021-08-03 14:40:07,4,
799,270,102,999,Radda In Chianti,,0,1,2021-08-03 14:40:07,4,2021-08-03 14:40:07,4,
800,262,102,999,Ragusa,,0,1,2021-08-03 14:40:07,4,2021-08-03 14:40:07,4,
801,262,102,999,Ragusa Ibla,,0,1,2021-08-03 14:40:07,4,2021-08-03 14:40:07,4,
802,38,219,999,Raleigh,,0,1,2021-08-03 14:40:07,4,2021-08-03 14:40:07,4,
803,6,219,999,Rancho Cucamonga,,0,1,2021-08-03 14:40:07,4,2021-08-03 14:40:07,4,
804,26,219,999,Randolph,,0,1,2021-08-03 14:40:07,4,2021-08-03 14:40:07,4,
805,226,102,999,Rapallo,,0,1,2021-08-03 14:40:07,4,2021-08-03 14:40:07,4,
806,49,219,999,Rapid City,,0,1,2021-08-03 14:40:07,4,2021-08-03 14:40:07,4,
807,267,102,999,Ravello,,0,1,2021-08-03 14:40:07,4,2021-08-03 14:40:07,4,
808,263,102,999,Ravenna,,0,1,2021-08-03 14:40:07,4,2021-08-03 14:40:07,4,
809,43,219,999,Redmond,,0,1,2021-08-03 14:40:07,4,2021-08-03 14:40:07,4,
810,264,102,999,Reggio Calabria,,0,1,2021-08-03 14:40:07,4,2021-08-03 14:40:07,4,
811,264,102,999,Reggio Di Calabria Catona,,0,1,2021-08-03 14:40:07,4,2021-08-03 14:40:07,4,
812,265,102,999,Reggio Emilia,,0,1,2021-08-03 14:40:07,4,2021-08-03 14:40:07,4,
813,38,219,999,Releigh Durham,,0,1,2021-08-03 14:40:07,4,2021-08-03 14:40:07,4,
814,33,219,999,Reno,,0,1,2021-08-03 14:40:07,4,2021-08-03 14:40:07,4,
815,55,219,999,Reston,,0,1,2021-08-03 14:40:07,4,2021-08-03 14:40:07,4,
816,189,102,999,Rignano Sull Arno,,0,1,2021-08-03 14:40:07,4,2021-08-03 14:40:07,4,
817,288,102,999,Rimini,,0,1,2021-08-03 14:40:07,4,2021-08-03 14:40:07,4,
818,6,219,999,Rio Vista,,0,1,2021-08-03 14:40:07,4,2021-08-03 14:40:07,4,
819,231,102,999,Riomaggiore,,0,1,2021-08-03 14:40:07,4,2021-08-03 14:40:07,4,
820,8,219,999,Riverside,,0,1,2021-08-03 14:40:07,4,2021-08-03 14:40:07,4,
821,12,219,999,Riverview,,0,1,2021-08-03 14:40:07,4,2021-08-03 14:40:07,4,
822,37,219,999,Rochester,,0,1,2021-08-03 14:40:07,4,2021-08-03 14:40:07,4,
823,17,219,999,Rockford,,0,1,2021-08-03 14:40:07,4,2021-08-03 14:40:07,4,
824,51,219,999,Rockwall,,0,1,2021-08-03 14:40:07,4,2021-08-03 14:40:07,4,
825,190,102,999,Rodano,,0,1,2021-08-03 14:40:07,4,2021-08-03 14:40:07,4,
826,188,102,999,Rome,,1,1,2021-08-03 14:40:07,4,2021-08-03 14:40:07,4,
827,223,102,999,Roseto Valfortore,,0,1,2021-08-03 14:40:07,4,2021-08-03 14:40:07,4,
828,6,219,999,Roseville,,0,1,2021-08-03 14:40:07,4,2021-08-03 14:40:07,4,
829,216,102,999,Rossano Scalo,,0,1,2021-08-03 14:40:07,4,2021-08-03 14:40:07,4,
830,51,219,999,Round Rock,,0,1,2021-08-03 14:40:07,4,2021-08-03 14:40:07,4,
831,266,102,999,Rovigo,,0,1,2021-08-03 14:40:07,4,2021-08-03 14:40:07,4,
832,6,219,999,Sacramento,,0,1,2021-08-03 14:40:07,4,2021-08-03 14:40:07,4,
833,188,102,999,Sacrofano,,0,1,2021-08-03 14:40:07,4,2021-08-03 14:40:07,4,
834,295,200,999,Saint Moritz,,0,1,2021-08-03 14:40:07,4,2021-08-03 14:40:07,4,
835,184,102,999,Saint-vincent,,0,1,2021-08-03 14:40:07,4,2021-08-03 14:40:07,4,
836,48,219,999,Salem,,0,1,2021-08-03 14:40:07,4,2021-08-03 14:40:07,4,
837,276,102,999,Salemi,,0,1,2021-08-03 14:40:07,4,2021-08-03 14:40:07,4,
838,267,102,999,Salerno,,0,1,2021-08-03 14:40:07,4,2021-08-03 14:40:07,4,
839,6,219,999,Salinas,,0,1,2021-08-03 14:40:07,4,2021-08-03 14:40:07,4,
840,52,219,999,Salt Lake City,,0,1,2021-08-03 14:40:07,4,2021-08-03 14:40:07,4,
842,51,219,999,San Antonio,,0,1,2021-08-03 14:40:07,4,2021-08-03 14:40:07,4,
843,203,102,999,San Bartolomeo In Galdo,,0,1,2021-08-03 14:40:07,4,2021-08-03 14:40:07,4,
844,186,102,999,San Benedetto Del Tronto,,0,1,2021-08-03 14:40:07,4,2021-08-03 14:40:07,4,
845,6,219,999,San Bernardino,,0,1,2021-08-03 14:40:07,4,2021-08-03 14:40:07,4,
846,6,219,999,San Buenaventura,,0,1,2021-08-03 14:40:07,4,2021-08-03 14:40:07,4,
847,189,102,999,San Casciano Val Di Pesa,,0,1,2021-08-03 14:40:07,4,2021-08-03 14:40:07,4,
848,6,219,999,San Diego,,0,1,2021-08-03 14:40:07,4,2021-08-03 14:40:07,4,
849,190,102,999,San Donato Milanese,,0,1,2021-08-03 14:40:07,4,2021-08-03 14:40:07,4,
850,6,219,999,San Francisco,,0,1,2021-08-03 14:40:07,4,2021-08-03 14:40:07,4,
851,270,102,999,San Gimignano,,0,1,2021-08-03 14:40:07,4,2021-08-03 14:40:07,4,
852,264,102,999,San Giorgio Morgeto,,0,1,2021-08-03 14:40:07,4,2021-08-03 14:40:07,4,
853,223,102,999,San Giovanni Rotondo,,0,1,2021-08-03 14:40:07,4,2021-08-03 14:40:07,4,
854,6,219,999,San Jose,,0,1,2021-08-03 14:40:07,4,2021-08-03 14:40:07,4,
855,326,134,999,San Jose Del Cabo,,0,1,2021-08-03 14:40:07,4,2021-08-03 14:40:07,4,
856,46,219,999,San Juan,,0,1,2021-08-03 14:40:07,4,2021-08-03 14:40:07,4,
857,6,219,999,San Leandro,,0,1,2021-08-03 14:40:07,4,2021-08-03 14:40:07,4,
858,334,14,999,San Marino,,0,1,2021-08-03 14:40:07,4,2021-08-03 14:40:07,4,
859,257,102,999,San Miniato,,0,1,2021-08-03 14:40:07,4,2021-08-03 14:40:07,4,
860,270,102,999,San Quirico D'orcia,,0,1,2021-08-03 14:40:07,4,2021-08-03 14:40:07,4,
861,229,102,999,San Remo,,0,1,2021-08-03 14:40:07,4,2021-08-03 14:40:07,4,
862,276,102,999,San Vito Lo Capo,,0,1,2021-08-03 14:40:07,4,2021-08-03 14:40:07,4,
863,278,102,999,San Zenone Degli Ezzelini,,0,1,2021-08-03 14:40:07,4,2021-08-03 14:40:07,4,
864,185,102,999,Sansepolcro,,0,1,2021-08-03 14:40:07,4,2021-08-03 14:40:07,4,
865,273,102,999,Sant Omero,,0,1,2021-08-03 14:40:07,4,2021-08-03 14:40:07,4,
866,245,102,999,Sant' Agnello-Sorrento,,0,1,2021-08-03 14:40:07,4,2021-08-03 14:40:07,4,
867,193,102,999,Sant'agata Bolognese,,0,1,2021-08-03 14:40:07,4,2021-08-03 14:40:07,4,
868,6,219,999,Santa Ana,,0,1,2021-08-03 14:40:07,4,2021-08-03 14:40:07,4,
869,6,219,999,Santa Clara,,0,1,2021-08-03 14:40:07,4,2021-08-03 14:40:07,4,
870,6,219,999,Santa Clarita,,0,1,2021-08-03 14:40:07,4,2021-08-03 14:40:07,4,
871,36,219,999,Santa Fe,,0,1,2021-08-03 14:40:07,4,2021-08-03 14:40:07,4,
872,226,102,999,Santa Margherita Ligure,,0,1,2021-08-03 14:40:07,4,2021-08-03 14:40:07,4,
873,212,102,999,Santa Maria Capua Vetere,,0,1,2021-08-03 14:40:07,4,2021-08-03 14:40:07,4,
874,6,219,999,Santa Rosa,,0,1,2021-08-03 14:40:07,4,2021-08-03 14:40:07,4,
875,299,81,999,Santorini,,0,1,2021-08-03 14:40:07,4,2021-08-03 14:40:07,4,
876,12,219,999,Saratosa,,0,1,2021-08-03 14:40:07,4,2021-08-03 14:40:07,4,
877,270,102,999,Sarteano,,0,1,2021-08-03 14:40:07,4,2021-08-03 14:40:07,4,
878,267,102,999,Sassano,,0,1,2021-08-03 14:40:07,4,2021-08-03 14:40:07,4,
879,74,102,999,Sassari,,0,1,2021-08-03 14:40:07,4,2021-08-03 14:40:07,4,
880,228,102,999,Saturnia,,0,1,2021-08-03 14:40:07,4,2021-08-03 14:40:07,4,
881,13,219,999,Savannah,,0,1,2021-08-03 14:40:07,4,2021-08-03 14:40:07,4,
882,207,102,999,Savelletri Di Fasano,,0,1,2021-08-03 14:40:07,4,2021-08-03 14:40:07,4,
883,269,102,999,Savona,,0,1,2021-08-03 14:40:07,4,2021-08-03 14:40:07,4,
884,216,102,999,Scalea,,0,1,2021-08-03 14:40:07,4,2021-08-03 14:40:07,4,
885,301,36,999,Scarborough,,0,1,2021-08-03 14:40:07,4,2021-08-03 14:40:07,4,
886,189,102,999,Scarperia,,0,1,2021-08-03 14:40:07,4,2021-08-03 14:40:07,4,
887,51,219,999,Schertz,,0,1,2021-08-03 14:40:07,4,2021-08-03 14:40:07,4,
888,181,102,999,Sciacca,,0,1,2021-08-03 14:40:07,4,2021-08-03 14:40:07,4,
889,264,102,999,Scilla,,0,1,2021-08-03 14:40:07,4,2021-08-03 14:40:07,4,
890,196,102,999,Scillato,,0,1,2021-08-03 14:40:07,4,2021-08-03 14:40:07,4,
891,196,102,999,Sclafani Bagni,,0,1,2021-08-03 14:40:07,4,2021-08-03 14:40:07,4,
892,4,219,999,Scottsdale,,0,1,2021-08-03 14:40:07,4,2021-08-03 14:40:07,4,
893,51,219,999,Sealy,,0,1,2021-08-03 14:40:07,4,2021-08-03 14:40:07,4,
894,56,219,999,Seattle,,0,1,2021-08-03 14:40:07,4,2021-08-03 14:40:07,4,
895,205,102,999,Selva Di Val Gardena,,0,1,2021-08-03 14:40:07,4,2021-08-03 14:40:07,4,
896,270,102,999,Serraville,,0,1,2021-08-03 14:40:07,4,2021-08-03 14:40:07,4,
897,190,102,999,Sesto San Giovanni,,0,1,2021-08-03 14:40:07,4,2021-08-03 14:40:07,4,
898,226,102,999,Sestri Levante,,0,1,2021-08-03 14:40:07,4,2021-08-03 14:40:07,4,
899,194,102,999,Sestriere,,0,1,2021-08-03 14:40:07,4,2021-08-03 14:40:07,4,
901,20,219,999,Shawnee,,0,1,2021-08-03 14:40:07,4,2021-08-03 14:40:07,4,
902,35,219,999,Short Hills,,0,1,2021-08-03 14:40:07,4,2021-08-03 14:40:07,4,
903,22,219,999,Shreveport,,0,1,2021-08-03 14:40:07,4,2021-08-03 14:40:07,4,
904,26,219,999,Shrewsbury,,0,1,2021-08-03 14:40:07,4,2021-08-03 14:40:07,4,
905,270,102,999,Siena,,0,1,2021-08-03 14:40:07,4,2021-08-03 14:40:07,4,
906,6,219,999,Simi Valley,,0,1,2021-08-03 14:40:07,4,2021-08-03 14:40:07,4,
907,270,102,999,Sinalunga,,0,1,2021-08-03 14:40:07,4,2021-08-03 14:40:07,4,
908,49,219,999,Sioux Falls,,0,1,2021-08-03 14:40:07,4,2021-08-03 14:40:07,4,
909,75,102,999,Siracusa,,0,1,2021-08-03 14:40:07,4,2021-08-03 14:40:07,4,
910,206,102,999,Sirmione,,0,1,2021-08-03 14:40:07,4,2021-08-03 14:40:07,4,
911,37,219,999,Smithtown,,0,1,2021-08-03 14:40:07,4,2021-08-03 14:40:07,4,
912,50,219,999,Smyrna,,0,1,2021-08-03 14:40:07,4,2021-08-03 14:40:07,4,
913,8,219,999,Somers,,0,1,2021-08-03 14:40:07,4,2021-08-03 14:40:07,4,
914,281,102,999,Somma Lombardo,,0,1,2021-08-03 14:40:07,4,2021-08-03 14:40:07,4,
915,192,102,999,Sondrio,,0,1,2021-08-03 14:40:07,4,2021-08-03 14:40:07,4,
916,228,102,999,Sorano,,0,1,2021-08-03 14:40:07,4,2021-08-03 14:40:07,4,
917,243,102,999,Sorbara,,0,1,2021-08-03 14:40:07,4,2021-08-03 14:40:07,4,
918,204,102,999,Sordevolo,,0,1,2021-08-03 14:40:07,4,2021-08-03 14:40:07,4,
919,245,102,999,Sorrento,,0,1,2021-08-03 14:40:07,4,2021-08-03 14:40:07,4,
920,18,219,999,South Bend,,0,1,2021-08-03 14:40:07,4,2021-08-03 14:40:07,4,
921,27,219,999,South Field,,0,1,2021-08-03 14:40:07,4,2021-08-03 14:40:07,4,
922,35,219,999,South Orange,,0,1,2021-08-03 14:40:07,4,2021-08-03 14:40:07,4,
923,8,219,999,Southport,,0,1,2021-08-03 14:40:07,4,2021-08-03 14:40:07,4,
924,228,102,999,Sovana,,0,1,2021-08-03 14:40:07,4,2021-08-03 14:40:07,4,
925,214,102,999,Soverato,,0,1,2021-08-03 14:40:07,4,2021-08-03 14:40:07,4,
926,214,102,999,Soverato Marittima,,0,1,2021-08-03 14:40:07,4,2021-08-03 14:40:07,4,
927,270,102,999,Sovicille-loc. Montestigliano,,0,1,2021-08-03 14:40:07,4,2021-08-03 14:40:07,4,
928,56,219,999,Spokane,,0,1,2021-08-03 14:40:07,4,2021-08-03 14:40:07,4,
929,253,102,999,Spoleto,,0,1,2021-08-03 14:40:07,4,2021-08-03 14:40:07,4,
930,51,219,999,Spring,,0,1,2021-08-03 14:40:07,4,2021-08-03 14:40:07,4,
931,55,219,999,Springfield,,0,1,2021-08-03 14:40:07,4,2021-08-03 14:40:07,4,
932,30,219,999,Springfiled,,0,1,2021-08-03 14:40:07,4,2021-08-03 14:40:07,4,
933,30,219,999,St. Charles,,0,1,2021-08-03 14:40:07,4,2021-08-03 14:40:07,4,
935,302,36,999,St. Laurent,,0,1,2021-08-03 14:40:07,4,2021-08-03 14:40:07,4,
936,30,219,999,St. Louis,,0,1,2021-08-03 14:40:07,4,2021-08-03 14:40:07,4,
937,28,219,999,St. Paul,,0,1,2021-08-03 14:40:07,4,2021-08-03 14:40:07,4,
938,12,219,999,St. Petersburg,,0,1,2021-08-03 14:40:07,4,2021-08-03 14:40:07,4,
939,51,219,999,Stafford,,0,1,2021-08-03 14:40:07,4,2021-08-03 14:40:07,4,
940,8,219,999,Stamford,,0,1,2021-08-03 14:40:07,4,2021-08-03 14:40:07,4,
941,8,219,999,Stanford,,0,1,2021-08-03 14:40:07,4,2021-08-03 14:40:07,4,
942,37,219,999,Staten Island,,0,1,2021-08-03 14:40:07,4,2021-08-03 14:40:07,4,
943,27,219,999,Sterling Heights,,0,1,2021-08-03 14:40:07,4,2021-08-03 14:40:07,4,
944,6,219,999,Stockton,,0,1,2021-08-03 14:40:07,4,2021-08-03 14:40:07,4,
945,17,219,999,Streamwood,,0,1,2021-08-03 14:40:07,4,2021-08-03 14:40:07,4,
946,282,102,999,Stresa,,0,1,2021-08-03 14:40:07,4,2021-08-03 14:40:07,4,
948,51,219,999,Sugar Land,,0,1,2021-08-03 14:40:07,4,2021-08-03 14:40:07,4,
949,232,102,999,Sulmona,,0,1,2021-08-03 14:40:07,4,2021-08-03 14:40:07,4,
950,206,102,999,Sulzano,,0,1,2021-08-03 14:40:07,4,2021-08-03 14:40:07,4,
951,6,219,999,Sunnyvale,,0,1,2021-08-03 14:40:07,4,2021-08-03 14:40:07,4,
952,38,219,999,Sylva,,0,1,2021-08-03 14:40:07,4,2021-08-03 14:40:07,4,
953,75,102,999,Syracuse,,0,1,2021-08-03 14:40:07,4,2021-08-03 14:40:07,4,
954,56,219,999,Tacoma,,0,1,2021-08-03 14:40:07,4,2021-08-03 14:40:07,4,
955,226,102,999,Taggia Arma,,0,1,2021-08-03 14:40:07,4,2021-08-03 14:40:07,4,
956,12,219,999,Tallahassee,,0,1,2021-08-03 14:40:07,4,2021-08-03 14:40:07,4,
957,12,219,999,Tampa,,0,1,2021-08-03 14:40:07,4,2021-08-03 14:40:07,4,
958,298,134,999,Tampico,,0,1,2021-08-03 14:40:07,4,2021-08-03 14:40:07,4,
959,195,102,999,Taormina,,0,1,2021-08-03 14:40:07,4,2021-08-03 14:40:07,4,
960,272,102,999,Taranto,,0,1,2021-08-03 14:40:07,4,2021-08-03 14:40:07,4,
961,287,102,999,Tarquinia,,0,1,2021-08-03 14:40:07,4,2021-08-03 14:40:07,4,
962,280,102,999,Tarvisio,,0,1,2021-08-03 14:40:07,4,2021-08-03 14:40:07,4,
963,189,102,999,Tavarnelle Val Di Pesa,,0,1,2021-08-03 14:40:07,4,2021-08-03 14:40:07,4,
964,35,219,999,Teaneck,,0,1,2021-08-03 14:40:07,4,2021-08-03 14:40:07,4,
966,4,219,999,Tempe,,0,1,2021-08-03 14:40:07,4,2021-08-03 14:40:07,4,
967,248,102,999,Tempio,,0,1,2021-08-03 14:40:07,4,2021-08-03 14:40:07,4,
968,26,219,999,Templeton,,0,1,2021-08-03 14:40:07,4,2021-08-03 14:40:07,4,
969,273,102,999,Teramo,,0,1,2021-08-03 14:40:07,4,2021-08-03 14:40:07,4,
970,210,102,999,Termoli,,0,1,2021-08-03 14:40:07,4,2021-08-03 14:40:07,4,
971,274,102,999,Terni,,0,1,2021-08-03 14:40:07,4,2021-08-03 14:40:07,4,
972,51,219,999,The Woodlands,,0,1,2021-08-03 14:40:07,4,2021-08-03 14:40:07,4,
973,13,219,999,Thomasville,,0,1,2021-08-03 14:40:07,4,2021-08-03 14:40:07,4,
974,7,219,999,Thornton,,0,1,2021-08-03 14:40:07,4,2021-08-03 14:40:07,4,
975,6,219,999,Thousand Oaks,,0,1,2021-08-03 14:40:07,4,2021-08-03 14:40:07,4,
976,192,102,999,Tirano,,0,1,2021-08-03 14:40:07,4,2021-08-03 14:40:07,4,
977,12,219,999,Titusville,,0,1,2021-08-03 14:40:07,4,2021-08-03 14:40:07,4,
978,188,102,999,Tivoli,,0,1,2021-08-03 14:40:07,4,2021-08-03 14:40:07,4,
980,41,219,999,Toledo,,0,1,2021-08-03 14:40:07,4,2021-08-03 14:40:07,4,
981,51,219,999,Tomball,,0,1,2021-08-03 14:40:07,4,2021-08-03 14:40:07,4,
982,206,102,999,Tonale-Ponte Di Legno,,0,1,2021-08-03 14:40:07,4,2021-08-03 14:40:07,4,
983,20,219,999,Topeka,,0,1,2021-08-03 14:40:07,4,2021-08-03 14:40:07,4,
984,301,36,999,Toronto,,0,1,2021-08-03 14:40:07,4,2021-08-03 14:40:07,4,
985,6,219,999,Torrance,,0,1,2021-08-03 14:40:07,4,2021-08-03 14:40:07,4,
986,245,102,999,Torre Del Greco,,0,1,2021-08-03 14:40:07,4,2021-08-03 14:40:07,4,
987,201,102,999,Trani,,0,1,2021-08-03 14:40:07,4,2021-08-03 14:40:07,4,
988,276,102,999,Trapani,,0,1,2021-08-03 14:40:07,4,2021-08-03 14:40:07,4,
989,6,219,999,Treasure Island,,0,1,2021-08-03 14:40:07,4,2021-08-03 14:40:07,4,
990,191,102,999,Tremezzo,,0,1,2021-08-03 14:40:07,4,2021-08-03 14:40:07,4,
991,277,102,999,Trento,,0,1,2021-08-03 14:40:07,4,2021-08-03 14:40:07,4,
992,198,102,999,Treviglio,,0,1,2021-08-03 14:40:07,4,2021-08-03 14:40:07,4,
993,278,102,999,Treviso,,0,1,2021-08-03 14:40:07,4,2021-08-03 14:40:07,4,
994,279,102,999,Trieste,,0,1,2021-08-03 14:40:07,4,2021-08-03 14:40:07,4,
995,51,219,999,Trinity,,0,1,2021-08-03 14:40:07,4,2021-08-03 14:40:07,4,
996,285,102,999,Tropea,,0,1,2021-08-03 14:40:07,4,2021-08-03 14:40:07,4,
997,51,219,999,Trophy Club,,0,1,2021-08-03 14:40:07,4,2021-08-03 14:40:07,4,
998,4,219,999,Tucson,,0,1,2021-08-03 14:40:07,4,2021-08-03 14:40:07,4,
999,42,219,999,Tulsa,,0,1,2021-08-03 14:40:07,4,2021-08-03 14:40:07,4,
1000,194,102,999,Turin,,0,1,2021-08-03 14:40:07,4,2021-08-03 14:40:07,4,
1001,280,102,999,Udine,,0,1,2021-08-03 14:40:07,4,2021-08-03 14:40:07,4,
1002,6,219,999,Upland,,0,1,2021-08-03 14:40:07,4,2021-08-03 14:40:07,4,
1003,254,102,999,Urbino,,0,1,2021-08-03 14:40:07,4,2021-08-03 14:40:07,4,
1004,189,102,999,Val Di Pesa,,0,1,2021-08-03 14:40:07,4,2021-08-03 14:40:07,4,
1005,276,102,999,Valderice,,0,1,2021-08-03 14:40:07,4,2021-08-03 14:40:07,4,
1006,45,219,999,Valencia,,0,1,2021-08-03 14:40:07,4,2021-08-03 14:40:07,4,
1007,6,219,999,Vallejo,,0,1,2021-08-03 14:40:07,4,2021-08-03 14:40:07,4,
1008,309,36,999,Vancouver,,0,1,2021-08-03 14:40:07,4,2021-08-03 14:40:07,4,
1009,235,102,999,Varenna,,0,1,2021-08-03 14:40:07,4,2021-08-03 14:40:07,4,
1010,281,102,999,Varese,,0,1,2021-08-03 14:40:07,4,2021-08-03 14:40:07,4,
1011,187,102,999,Venezia,,0,1,2021-08-03 14:40:07,4,2021-08-03 14:40:07,4,
1012,6,219,999,Venice,,0,1,2021-08-03 14:40:07,4,2021-08-03 14:40:07,4,
1013,229,102,999,Ventimiglia,,0,1,2021-08-03 14:40:07,4,2021-08-03 14:40:07,4,
1014,6,219,999,Ventura,,0,1,2021-08-03 14:40:07,4,2021-08-03 14:40:07,4,
1015,282,102,999,Verbania,,0,1,2021-08-03 14:40:07,4,2021-08-03 14:40:07,4,
1016,282,102,999,Verbano,,0,1,2021-08-03 14:40:07,4,2021-08-03 14:40:07,4,
1017,283,102,999,Vercelli,,0,1,2021-08-03 14:40:07,4,2021-08-03 14:40:07,4,
1018,231,102,999,Vernazza,,0,1,2021-08-03 14:40:07,4,2021-08-03 14:40:07,4,
1019,284,102,999,Verona,,0,1,2021-08-03 14:40:07,4,2021-08-03 14:40:07,4,
1020,21,219,999,Versailles,,0,1,2021-08-03 14:40:07,4,2021-08-03 14:40:07,4,
1021,238,102,999,Viareggio,,0,1,2021-08-03 14:40:07,4,2021-08-03 14:40:07,4,
1022,285,102,999,Vibo Valentia,,0,1,2021-08-03 14:40:07,4,2021-08-03 14:40:07,4,
1023,286,102,999,Vicenza,,0,1,2021-08-03 14:40:07,4,2021-08-03 14:40:07,4,
1024,6,219,999,Victorville,,0,1,2021-08-03 14:40:07,4,2021-08-03 14:40:07,4,
1026,267,102,999,Vietri,,0,1,2021-08-03 14:40:07,4,2021-08-03 14:40:07,4,
1027,264,102,999,Villa San Giovanni,,0,1,2021-08-03 14:40:07,4,2021-08-03 14:40:07,4,
1028,263,102,999,Villa Vezzano-brisighella,,0,1,2021-08-03 14:40:07,4,2021-08-03 14:40:07,4,
1030,210,102,999,Vinchiaturo,,0,1,2021-08-03 14:40:07,4,2021-08-03 14:40:07,4,
1031,189,102,999,Vinci,,0,1,2021-08-03 14:40:07,4,2021-08-03 14:40:07,4,
1032,55,219,999,Virginia Beach,,0,1,2021-08-03 14:40:07,4,2021-08-03 14:40:07,4,
1033,6,219,999,Visalia,,0,1,2021-08-03 14:40:07,4,2021-08-03 14:40:07,4,
1034,6,219,999,Vista,,0,1,2021-08-03 14:40:07,4,2021-08-03 14:40:07,4,
1035,287,102,999,Viterbo,,0,1,2021-08-03 14:40:07,4,2021-08-03 14:40:07,4,
1036,257,102,999,Volterra,,0,1,2021-08-03 14:40:07,4,2021-08-03 14:40:07,4,
1037,35,219,999,Voorhees,,0,1,2021-08-03 14:40:07,4,2021-08-03 14:40:07,4,
1038,51,219,999,Waco,,0,1,2021-08-03 14:40:07,4,2021-08-03 14:40:07,4,
1039,6,219,999,Walnut,,0,1,2021-08-03 14:40:07,4,2021-08-03 14:40:07,4,
1040,6,219,999,Walnut Creek,,0,1,2021-08-03 14:40:07,4,2021-08-03 14:40:07,4,
1041,26,219,999,Waltham,,0,1,2021-08-03 14:40:07,4,2021-08-03 14:40:07,4,
1042,27,219,999,Warren,,0,1,2021-08-03 14:40:07,4,2021-08-03 14:40:07,4,
1043,18,219,999,Warsaw,,0,1,2021-08-03 14:40:07,4,2021-08-03 14:40:07,4,
1044,37,219,999,Warwick,,0,1,2021-08-03 14:40:07,4,2021-08-03 14:40:07,4,
1045,10,219,999,Washington,,0,1,2021-08-03 14:40:07,4,2021-08-03 14:40:07,4,
1046,8,219,999,Waterbury,,0,1,2021-08-03 14:40:07,4,2021-08-03 14:40:07,4,
1047,301,36,999,Waterdown,,0,1,2021-08-03 14:40:07,4,2021-08-03 14:40:07,4,
1048,58,219,999,Waukesha,,0,1,2021-08-03 14:40:07,4,2021-08-03 14:40:07,4,
1049,51,219,999,Webster,,0,1,2021-08-03 14:40:07,4,2021-08-03 14:40:07,4,
1050,51,219,999,Weimar,,0,1,2021-08-03 14:40:07,4,2021-08-03 14:40:07,4,
1051,12,219,999,Wellington,,0,1,2021-08-03 14:40:07,4,2021-08-03 14:40:07,4,
1052,27,219,999,West Bloomfield,,0,1,2021-08-03 14:40:07,4,2021-08-03 14:40:07,4,
1053,6,219,999,West Covina,,0,1,2021-08-03 14:40:07,4,2021-08-03 14:40:07,4,
1054,52,219,999,West Jordan,,0,1,2021-08-03 14:40:07,4,2021-08-03 14:40:07,4,
1055,12,219,999,West Palm Beach,,0,1,2021-08-03 14:40:07,4,2021-08-03 14:40:07,4,
1056,26,219,999,West Roxbury,,0,1,2021-08-03 14:40:07,4,2021-08-03 14:40:07,4,
1057,52,219,999,West Valley City,,0,1,2021-08-03 14:40:07,4,2021-08-03 14:40:07,4,
1058,25,219,999,Westminster,,0,1,2021-08-03 14:40:07,4,2021-08-03 14:40:07,4,
1059,8,219,999,Westport,,0,1,2021-08-03 14:40:07,4,2021-08-03 14:40:07,4,
1060,17,219,999,Wheaton,,0,1,2021-08-03 14:40:07,4,2021-08-03 14:40:07,4,
1061,37,219,999,White Plains,,0,1,2021-08-03 14:40:07,4,2021-08-03 14:40:07,4,
1062,37,219,999,Whitestone,,0,1,2021-08-03 14:40:07,4,2021-08-03 14:40:07,4,
1063,20,219,999,Wichita,,0,1,2021-08-03 14:40:07,4,2021-08-03 14:40:07,4,
1064,51,219,999,Wichita Falls,,0,1,2021-08-03 14:40:07,4,2021-08-03 14:40:07,4,
1065,51,219,999,Willis,,0,1,2021-08-03 14:40:07,4,2021-08-03 14:40:07,4,
1066,38,219,999,Wilmington,,0,1,2021-08-03 14:40:07,4,2021-08-03 14:40:07,4,
1067,33,219,999,Winnemucca,,0,1,2021-08-03 14:40:07,4,2021-08-03 14:40:07,4,
1068,6,219,999,Winnetka,,0,1,2021-08-03 14:40:07,4,2021-08-03 14:40:07,4,
1069,38,219,999,Winston-Salem,,0,1,2021-08-03 14:40:07,4,2021-08-03 14:40:07,4,
1070,55,219,999,Woodbridge,,0,1,2021-08-03 14:40:07,4,2021-08-03 14:40:07,4,
1071,28,219,999,Woodbury,,0,1,2021-08-03 14:40:07,4,2021-08-03 14:40:07,4,
1072,6,219,999,Woodland Hills,,0,1,2021-08-03 14:40:07,4,2021-08-03 14:40:07,4,
1073,17,219,999,Woodridge,,0,1,2021-08-03 14:40:07,4,2021-08-03 14:40:07,4,
1074,13,219,999,Woodstock,,0,1,2021-08-03 14:40:07,4,2021-08-03 14:40:07,4,
1075,26,219,999,Worcester,,0,1,2021-08-03 14:40:07,4,2021-08-03 14:40:07,4,
1076,27,219,999,Wyandotte,,0,1,2021-08-03 14:40:07,4,2021-08-03 14:40:07,4,
1077,37,219,999,Yonkers,,0,1,2021-08-03 14:40:07,4,2021-08-03 14:40:07,4,
1078,37,219,999,Yorktown Heights,,0,1,2021-08-03 14:40:07,4,2021-08-03 14:40:07,4,
1079,22,219,999,Youngsville ,,0,1,2021-08-03 14:40:07,4,2021-08-03 14:40:07,4,
1080,4,219,999,Yuma,,0,1,2021-08-03 14:40:07,4,2021-08-03 14:40:07,4,
1081,325,42,999,Zagreb,,0,1,2021-08-03 14:40:07,4,2021-08-03 14:40:07,4,
1082,289,200,999,Zurich,,0,1,2021-08-03 14:40:07,4,2021-08-03 14:40:07,4,
2089,2,219,999,Fairbanks,,0,1,2021-08-03 14:40:07,4,2021-08-03 14:40:07,4,
2090,187,102,999,Jesolo,,0,1,2021-08-03 14:40:07,4,2021-08-03 14:40:07,4,
2091,277,102,999,Pinzolo,,0,1,2021-08-03 14:40:07,4,2021-08-03 14:40:07,4,
2092,228,102,999,Monte Argentario,,0,1,2021-08-03 14:40:07,4,2021-08-03 14:40:07,4,
2093,257,102,999,San Giuliano Terme,,0,1,2021-08-03 14:40:07,4,2021-08-03 14:40:07,4,
2095,197,102,999,Torino,,0,1,2021-08-03 14:40:07,4,2021-08-03 14:40:07,4,
2096,207,102,999,Fasano,,0,1,2021-08-03 14:40:07,4,2021-08-03 14:40:07,4,
2097,248,102,999,Palau,,0,1,2021-08-03 14:40:07,4,2021-08-03 14:40:07,4,
2099,208,102,999,Villasimius,,0,1,2021-08-03 14:40:07,4,2021-08-03 14:40:07,4,
2100,207,102,999,Riva del Garda,,0,1,2021-08-03 14:40:07,4,2021-08-03 14:40:07,4,
2101,263,102,999,Cervia,,0,1,2021-08-03 14:40:07,4,2021-08-03 14:40:07,4,
2102,192,102,999,Valdidentro,,0,1,2021-08-03 14:40:07,4,2021-08-03 14:40:07,4,
2103,219,102,999,Guarene,,0,1,2021-08-03 14:40:07,4,2021-08-03 14:40:07,4,
2104,270,102,999,San Casciano dei Bagni,,0,1,2021-08-03 14:40:07,4,2021-08-03 14:40:07,4,
2346,208,102,999,Pula,,0,1,2021-08-03 14:40:07,4,2021-08-03 14:40:07,4,
2347,224,102,999,Cesenatico,,0,1,2021-08-03 14:40:07,4,2021-08-03 14:40:07,4,
2348,206,102,999,Gardone Riviera,,0,1,2021-08-03 14:40:07,4,2021-08-03 14:40:07,4,
2349,251,102,999,Salsomaggiore Terme,,0,1,2021-08-03 14:40:07,4,2021-08-03 14:40:07,4,
2350,191,102,999,Tremezzina,,0,1,2021-08-03 14:40:07,4,2021-08-03 14:40:07,4,
2351,258,102,999,Monsummano Terme,,0,1,2021-08-03 14:40:07,4,2021-08-03 14:40:07,4,
2352,280,102,999,Lignano Sabbiadoro,,0,1,2021-08-03 14:40:07,4,2021-08-03 14:40:07,4,
2353,184,102,999,Valtournenche,,0,1,2021-08-03 14:40:07,4,2021-08-03 14:40:07,4,
2354,185,102,999,Loro Ciuffenna,,0,1,2021-08-03 14:40:07,4,2021-08-03 14:40:07,4,
2355,219,102,999,Serralunga d'Alba,,0,1,2021-08-03 14:40:07,4,2021-08-03 14:40:07,4,
2356,205,102,999,Corvara in Badia,,0,1,2021-08-03 14:40:07,4,2021-08-03 14:40:07,4,
2357,188,102,999,Ladispoli,,0,1,2021-08-03 14:40:07,4,2021-08-03 14:40:07,4,
2358,206,102,999,Erbusco,,0,1,2021-08-03 14:40:07,4,2021-08-03 14:40:07,4,
2359,228,102,999,Castiglione della Pescaia,,0,1,2021-08-03 14:40:07,4,2021-08-03 14:40:07,4,
2361,206,102,999,Gargnano,,0,1,2021-08-03 14:40:07,4,2021-08-03 14:40:07,4,
2362,248,102,999,Trinità d'Agultu e Vignola,,0,1,2021-08-03 14:40:07,4,2021-08-03 14:40:07,4,
2363,205,102,999,Badia,,0,1,2021-08-03 14:40:07,4,2021-08-03 14:40:07,4,
2364,276,102,999,Pantelleria,,0,1,2021-08-03 14:40:07,4,2021-08-03 14:40:07,4,
2365,228,102,999,Manciano,,0,1,2021-08-03 14:40:07,4,2021-08-03 14:40:07,4,
2366,245,102,999,Casamicciola Terme,,0,1,2021-08-03 14:40:07,4,2021-08-03 14:40:07,4,
2367,236,102,999,Castagneto Carducci,,0,1,2021-08-03 14:40:07,4,2021-08-03 14:40:07,4,
2368,189,102,999,Bagno a Ripoli,,0,1,2021-08-03 14:40:07,4,2021-08-03 14:40:07,4,
2369,248,102,999,Badesi,,0,1,2021-08-03 14:40:07,4,2021-08-03 14:40:07,4,
2370,193,102,999,Castel San Pietro Terme,,0,1,2021-08-03 14:40:07,4,2021-08-03 14:40:07,4,
2371,197,102,999,Penango,,0,1,2021-08-03 14:40:07,4,2021-08-03 14:40:07,4,
2372,184,102,999,Saint-Christophe,,0,1,2021-08-03 14:40:07,4,2021-08-03 14:40:07,4,
2373,225,102,999,Fiuggi,,0,1,2021-08-03 14:40:07,4,2021-08-03 14:40:07,4,
2374,247,102,999,Oliena,,0,1,2021-08-03 14:40:07,4,2021-08-03 14:40:07,4,
2375,234,102,999,Ugento,,0,1,2021-08-03 14:40:07,4,2021-08-03 14:40:07,4,
2376,248,102,999,Golfo Aranci,,0,1,2021-08-03 14:40:07,4,2021-08-03 14:40:07,4,
2377,262,102,999,Scicli,,0,1,2021-08-03 14:40:07,4,2021-08-03 14:40:07,4,
2378,253,102,999,Panicale,,0,1,2021-08-03 14:40:07,4,2021-08-03 14:40:07,4,
2379,234,102,999,Otranto,,0,1,2021-08-03 14:40:07,4,2021-08-03 14:40:07,4,
2380,181,102,999,Canicattì (Canicattì e Borgalino),,0,1,2021-08-03 14:40:07,4,2021-08-03 14:40:07,4,
2381,257,102,999,Terricciola,,0,1,2021-08-03 14:40:07,4,2021-08-03 14:40:07,4,
2382,189,102,999,Impruneta,,0,1,2021-08-03 14:40:07,4,2021-08-03 14:40:07,4,
2383,235,102,999,Oliveto Lario,,0,1,2021-08-03 14:40:07,4,2021-08-03 14:40:07,4,
2384,191,102,999,Pigra,,0,1,2021-08-03 14:40:07,4,2021-08-03 14:40:07,4,
2385,189,102,999,Montespertoli,,0,1,2021-08-03 14:40:07,4,2021-08-03 14:40:07,4,
2386,200,102,999,Monopoli,,0,1,2021-08-03 14:40:07,4,2021-08-03 14:40:07,4,
2387,208,102,999,Domus De Maria,,0,1,2021-08-03 14:40:07,4,2021-08-03 14:40:07,4,
2388,238,102,999,Camaiore,,0,1,2021-08-03 14:40:07,4,2021-08-03 14:40:07,4,
2390,205,102,999,Selva di Valgardena,,0,1,2021-08-03 14:40:07,4,2021-08-03 14:40:07,4,
2391,397,102,999,Montignoso,,0,1,2021-08-03 14:40:07,4,2021-08-03 14:40:07,4,
2392,229,102,999,Sanremo,,0,1,2021-08-03 14:40:07,4,2021-08-03 14:40:07,4,
2394,205,102,999,Brunico,,0,1,2021-08-03 14:40:07,4,2021-08-03 14:40:07,4,
2403,30,219,0,Baldwin,,0,1,2021-09-16 12:22:18,8,2021-09-16 12:22:18,8,
